-- phpMyAdmin SQL Dump
-- version 5.0.2
-- https://www.phpmyadmin.net/
--
-- Hôte : 127.0.0.1:3306
-- Généré le : ven. 20 nov. 2020 à 22:02
-- Version du serveur :  5.7.31
-- Version de PHP : 7.3.21

SET SQL_MODE = "NO_AUTO_VALUE_ON_ZERO";
START TRANSACTION;
SET time_zone = "+00:00";


/*!40101 SET @OLD_CHARACTER_SET_CLIENT=@@CHARACTER_SET_CLIENT */;
/*!40101 SET @OLD_CHARACTER_SET_RESULTS=@@CHARACTER_SET_RESULTS */;
/*!40101 SET @OLD_COLLATION_CONNECTION=@@COLLATION_CONNECTION */;
/*!40101 SET NAMES utf8mb4 */;

--
-- Base de données : `bddsyages`
--

-- --------------------------------------------------------

--
-- Structure de la table `absenceretard`
--

DROP TABLE IF EXISTS `absenceretard`;
CREATE TABLE IF NOT EXISTS `absenceretard` (
  `idAbs` int(11) NOT NULL AUTO_INCREMENT,
  `idUser` int(11) NOT NULL,
  `Datetheure` datetime NOT NULL,
  `Justif` int(11) NOT NULL,
  `Data` text NOT NULL,
  `Historique` text NOT NULL,
  `Drapeau` tinyint(4) NOT NULL,
  PRIMARY KEY (`idAbs`)
) ENGINE=MyISAM AUTO_INCREMENT=440 DEFAULT CHARSET=utf8;

--
-- Déchargement des données de la table `absenceretard`
--

INSERT INTO `absenceretard` (`idAbs`, `idUser`, `Datetheure`, `Justif`, `Data`, `Historique`, `Drapeau`) VALUES
(240, 11111116, '2020-03-14 05:57:02', 1, 'absence non justifiée', 'vide', 0),
(241, 11111501, '2019-07-03 16:47:45', 0, 'absence justifiée', 'vide', 0),
(242, 11111126, '2019-12-14 00:44:02', 0, 'absence justifiée', 'vide', 0),
(243, 11111546, '2020-06-18 00:36:13', 1, 'absence non justifiée', 'vide', 0),
(244, 11111638, '2019-06-23 15:12:30', 1, 'absence justifiée', 'vide', 0),
(245, 11111693, '2020-05-24 14:03:49', 1, 'absence justifiée', 'vide', 0),
(246, 11111462, '2020-06-06 00:53:42', 0, 'absence justifiée', 'vide', 0),
(247, 11111173, '2020-05-20 12:02:21', 1, 'absence justifiée', 'vide', 0),
(248, 11111184, '2020-01-05 22:47:10', 1, 'absence justifiée', 'vide', 0),
(249, 11111305, '2020-02-13 23:35:25', 0, 'absence non justifiée', 'vide', 0),
(250, 11111596, '2020-03-24 10:00:05', 1, 'absence non justifiée', 'vide', 0),
(251, 11111570, '2019-08-21 15:07:35', 0, 'absence non justifiée', 'vide', 0),
(252, 11111277, '2019-11-05 10:44:26', 1, 'absence non justifiée', 'vide', 0),
(253, 11111313, '2020-09-24 12:45:41', 0, 'absence justifiée', 'vide', 0),
(254, 11111118, '2020-10-12 01:03:12', 1, 'absence justifiée', 'vide', 0),
(255, 11111164, '2019-10-06 15:31:33', 1, 'absence justifiée', 'vide', 0),
(256, 11111451, '2019-04-20 00:22:30', 0, 'absence non justifiée', 'vide', 0),
(257, 11111655, '2020-02-15 05:41:23', 0, 'absence justifiée', 'vide', 0),
(258, 11111178, '2020-03-03 20:50:28', 0, 'absence non justifiée', 'vide', 0),
(259, 11111129, '2020-01-10 17:46:54', 0, 'absence justifiée', 'vide', 0),
(260, 11111528, '2020-11-10 13:08:50', 1, 'absence non justifiée', 'vide', 0),
(261, 11111629, '2019-10-17 07:34:10', 0, 'absence justifiée', 'vide', 0),
(262, 11111707, '2020-03-21 16:17:28', 0, 'absence justifiée', 'vide', 0),
(263, 11111260, '2019-05-10 14:18:04', 0, 'absence justifiée', 'vide', 0),
(264, 11111704, '2019-11-14 20:56:33', 1, 'absence justifiée', 'vide', 0),
(265, 11111633, '2020-10-20 11:43:54', 1, 'absence non justifiée', 'vide', 0),
(266, 11111162, '2020-09-03 11:10:08', 1, 'absence justifiée', 'vide', 0),
(267, 11111702, '2020-11-06 11:43:37', 0, 'absence justifiée', 'vide', 0),
(268, 11111335, '2020-08-01 15:03:04', 0, 'absence justifiée', 'vide', 0),
(269, 11111325, '2019-09-15 22:44:16', 1, 'absence justifiée', 'vide', 0),
(270, 11111373, '2020-11-20 10:18:21', 1, 'absence non justifiée', 'vide', 0),
(271, 11111685, '2020-07-16 04:44:17', 1, 'absence non justifiée', 'vide', 0),
(272, 11111647, '2020-04-28 16:35:17', 0, 'absence justifiée', 'vide', 0),
(273, 11111443, '2019-07-27 13:29:33', 1, 'absence non justifiée', 'vide', 0),
(274, 11111370, '2019-10-30 10:47:21', 0, 'absence non justifiée', 'vide', 0),
(275, 11111122, '2020-04-02 02:15:53', 1, 'absence non justifiée', 'vide', 0),
(276, 11111139, '2020-10-17 22:01:52', 0, 'absence justifiée', 'vide', 0),
(277, 11111620, '2020-03-24 15:20:01', 1, 'absence non justifiée', 'vide', 0),
(278, 11111691, '2020-03-05 07:20:08', 1, 'absence non justifiée', 'vide', 0),
(279, 11111418, '2020-01-08 22:44:41', 0, 'absence non justifiée', 'vide', 0),
(280, 11111608, '2020-02-09 17:55:53', 1, 'absence justifiée', 'vide', 0),
(281, 11111388, '2019-09-30 06:35:32', 0, 'absence non justifiée', 'vide', 0),
(282, 11111130, '2019-12-08 15:37:06', 1, 'absence justifiée', 'vide', 0),
(283, 11111563, '2020-09-11 21:52:23', 0, 'absence non justifiée', 'vide', 0),
(284, 11111348, '2020-06-02 14:30:01', 1, 'absence non justifiée', 'vide', 0),
(285, 11111540, '2020-05-26 23:22:40', 0, 'absence non justifiée', 'vide', 0),
(286, 11111410, '2020-11-12 00:26:23', 0, 'absence justifiée', 'vide', 0),
(287, 11111446, '2019-06-17 06:22:43', 1, 'absence justifiée', 'vide', 0),
(288, 11111520, '2019-09-15 18:00:19', 0, 'absence non justifiée', 'vide', 0),
(289, 11111150, '2020-09-26 15:18:34', 1, 'absence justifiée', 'vide', 0),
(290, 11111614, '2019-12-05 21:33:03', 0, 'absence non justifiée', 'vide', 0),
(291, 11111285, '2020-05-17 21:00:21', 0, 'absence non justifiée', 'vide', 0),
(292, 11111337, '2020-01-09 12:04:59', 1, 'absence justifiée', 'vide', 0),
(293, 11111142, '2020-03-31 07:51:52', 0, 'absence justifiée', 'vide', 0),
(294, 11111503, '2020-08-02 10:03:37', 0, 'absence justifiée', 'vide', 0),
(295, 11111272, '2020-02-14 22:54:34', 0, 'absence justifiée', 'vide', 0),
(296, 11111688, '2019-07-29 11:40:28', 1, 'absence non justifiée', 'vide', 0),
(297, 11111527, '2020-07-31 20:08:47', 1, 'absence justifiée', 'vide', 0),
(298, 11111642, '2019-07-07 21:22:45', 0, 'absence non justifiée', 'vide', 0),
(299, 11111478, '2020-01-23 15:05:52', 0, 'absence non justifiée', 'vide', 0),
(300, 11111310, '2020-03-02 04:36:00', 1, 'absence justifiée', 'vide', 0),
(301, 11111419, '2019-05-07 01:42:03', 1, 'absence non justifiée', 'vide', 0),
(302, 11111302, '2020-05-27 01:34:28', 0, 'absence non justifiée', 'vide', 0),
(303, 11111424, '2020-07-30 14:42:34', 0, 'absence justifiée', 'vide', 0),
(304, 11111535, '2019-10-21 07:13:09', 0, 'absence non justifiée', 'vide', 0),
(305, 11111554, '2020-06-19 04:20:42', 1, 'absence non justifiée', 'vide', 0),
(306, 11111307, '2019-07-09 18:33:45', 1, 'absence non justifiée', 'vide', 0),
(307, 11111617, '2019-09-12 03:15:17', 1, 'absence justifiée', 'vide', 0),
(308, 11111599, '2020-09-12 21:59:54', 0, 'absence justifiée', 'vide', 0),
(309, 11111246, '2019-08-03 19:37:36', 0, 'absence non justifiée', 'vide', 0),
(310, 11111455, '2020-04-18 03:05:05', 1, 'absence non justifiée', 'vide', 0),
(311, 11111154, '2020-04-04 06:13:26', 1, 'absence justifiée', 'vide', 0),
(312, 11111200, '2019-08-02 14:30:47', 1, 'absence justifiée', 'vide', 0),
(313, 11111133, '2019-12-21 22:58:41', 1, 'absence justifiée', 'vide', 0),
(314, 11111113, '2019-05-07 10:49:20', 1, 'absence justifiée', 'vide', 0),
(315, 11111618, '2019-11-28 08:27:12', 0, 'absence non justifiée', 'vide', 0),
(316, 11111182, '2020-06-06 22:08:01', 0, 'absence justifiée', 'vide', 0),
(317, 11111464, '2020-04-29 07:39:30', 1, 'absence non justifiée', 'vide', 0),
(318, 11111694, '2020-04-06 10:57:09', 1, 'absence non justifiée', 'vide', 0),
(319, 11111210, '2020-10-19 03:54:39', 1, 'absence non justifiée', 'vide', 0),
(320, 11111665, '2020-07-12 14:53:17', 1, 'absence justifiée', 'vide', 0),
(321, 11111493, '2020-10-22 17:51:22', 0, 'absence justifiée', 'vide', 0),
(322, 11111191, '2020-05-23 15:07:17', 0, 'absence justifiée', 'vide', 0),
(323, 11111548, '2019-11-10 18:59:02', 1, 'absence non justifiée', 'vide', 0),
(324, 11111515, '2020-09-30 10:19:41', 0, 'absence justifiée', 'vide', 0),
(325, 11111481, '2019-09-27 13:38:50', 1, 'absence justifiée', 'vide', 0),
(326, 11111231, '2020-02-13 09:49:13', 1, 'absence non justifiée', 'vide', 0),
(327, 11111591, '2019-12-09 00:18:49', 0, 'absence non justifiée', 'vide', 0),
(328, 11111355, '2019-07-27 03:48:18', 1, 'absence justifiée', 'vide', 0),
(329, 11111610, '2019-09-07 13:31:58', 0, 'absence non justifiée', 'vide', 0),
(330, 11111670, '2020-09-22 06:41:49', 0, 'absence justifiée', 'vide', 0),
(331, 11111705, '2020-03-23 13:31:25', 1, 'absence non justifiée', 'vide', 0),
(332, 11111575, '2020-08-15 16:24:20', 0, 'absence justifiée', 'vide', 0),
(333, 11111678, '2019-08-20 13:35:06', 1, 'absence justifiée', 'vide', 0),
(334, 11111288, '2019-07-11 21:25:36', 1, 'absence non justifiée', 'vide', 0),
(335, 11111669, '2020-09-07 03:44:05', 0, 'absence non justifiée', 'vide', 0),
(336, 11111271, '2020-05-26 07:56:39', 1, 'absence non justifiée', 'vide', 0),
(337, 11111378, '2020-05-24 12:47:53', 0, 'absence justifiée', 'vide', 0),
(338, 11111381, '2019-08-12 19:41:52', 0, 'absence non justifiée', 'vide', 0),
(339, 11111426, '2020-06-11 13:17:50', 0, 'absence justifiée', 'vide', 0),
(340, 11111668, '2020-05-26 03:16:13', 1, 'absence justifiée', 'vide', 0),
(341, 11111440, '2020-06-24 08:45:35', 1, 'absence justifiée', 'vide', 0),
(342, 11111214, '2020-05-08 03:02:00', 0, 'absence non justifiée', 'vide', 0),
(343, 11111284, '2020-02-18 07:19:18', 1, 'absence justifiée', 'vide', 0),
(344, 11111301, '2020-05-05 10:15:52', 1, 'absence justifiée', 'vide', 0),
(345, 11111706, '2019-11-20 20:09:04', 0, 'absence non justifiée', 'vide', 0),
(346, 11111397, '2020-09-24 19:52:43', 1, 'absence justifiée', 'vide', 0),
(347, 11111265, '2020-06-28 15:08:02', 0, 'absence non justifiée', 'vide', 0),
(348, 11111609, '2020-03-22 02:59:49', 1, 'absence justifiée', 'vide', 0),
(349, 11111311, '2020-08-18 05:25:14', 1, 'absence justifiée', 'vide', 0),
(350, 11111636, '2020-10-21 03:38:38', 0, 'absence justifiée', 'vide', 0),
(351, 11111237, '2020-03-25 13:10:16', 1, 'absence non justifiée', 'vide', 0),
(352, 11111435, '2020-03-10 03:40:21', 0, 'absence non justifiée', 'vide', 0),
(353, 11111674, '2020-10-31 22:24:14', 1, 'absence non justifiée', 'vide', 0),
(354, 11111467, '2019-05-10 20:22:56', 0, 'absence non justifiée', 'vide', 0),
(355, 11111711, '2019-06-17 21:15:44', 1, 'absence justifiée', 'vide', 0),
(356, 11111664, '2020-08-10 16:32:31', 0, 'absence justifiée', 'vide', 0),
(357, 11111611, '2019-07-22 02:40:00', 0, 'absence non justifiée', 'vide', 0),
(358, 11111581, '2020-09-16 21:28:47', 1, 'absence non justifiée', 'vide', 0),
(359, 11111159, '2019-08-08 19:43:18', 0, 'absence non justifiée', 'vide', 0),
(360, 11111680, '2020-02-06 21:17:29', 0, 'absence justifiée', 'vide', 0),
(361, 11111598, '2020-11-15 23:34:37', 0, 'absence justifiée', 'vide', 0),
(362, 11111308, '2020-03-17 06:49:15', 0, 'absence non justifiée', 'vide', 0),
(363, 11111645, '2019-08-07 15:42:55', 1, 'absence non justifiée', 'vide', 0),
(364, 11111637, '2020-04-07 23:05:07', 0, 'absence justifiée', 'vide', 0),
(365, 11111157, '2019-05-19 17:22:25', 1, 'absence justifiée', 'vide', 0),
(366, 11111560, '2020-03-15 03:34:16', 0, 'absence non justifiée', 'vide', 0),
(367, 11111612, '2019-05-13 14:59:40', 0, 'absence justifiée', 'vide', 0),
(368, 11111299, '2019-11-16 14:59:54', 0, 'absence justifiée', 'vide', 0),
(369, 11111692, '2019-09-12 03:01:21', 0, 'absence non justifiée', 'vide', 0),
(370, 11111488, '2019-10-17 12:11:01', 0, 'absence justifiée', 'vide', 0),
(371, 11111377, '2020-01-28 06:31:06', 1, 'absence non justifiée', 'vide', 0),
(372, 11111616, '2020-05-20 11:34:25', 1, 'absence non justifiée', 'vide', 0),
(373, 11111494, '2020-06-06 02:54:23', 1, 'absence non justifiée', 'vide', 0),
(374, 11111580, '2020-08-08 23:22:39', 0, 'absence non justifiée', 'vide', 0),
(375, 11111283, '2019-09-10 06:49:47', 0, 'absence justifiée', 'vide', 0),
(376, 11111641, '2019-08-05 07:33:23', 0, 'absence justifiée', 'vide', 0),
(377, 11111635, '2020-06-10 11:11:24', 0, 'absence justifiée', 'vide', 0),
(378, 11111573, '2020-03-02 05:30:47', 1, 'absence justifiée', 'vide', 0),
(379, 11111181, '2020-08-27 02:14:57', 0, 'absence non justifiée', 'vide', 0),
(380, 11111229, '2020-04-18 10:06:41', 1, 'absence justifiée', 'vide', 0),
(381, 11111327, '2019-06-26 10:18:56', 1, 'absence non justifiée', 'vide', 0),
(382, 11111213, '2020-06-28 12:04:28', 0, 'absence non justifiée', 'vide', 0),
(383, 11111216, '2020-04-04 18:48:20', 1, 'absence justifiée', 'vide', 0),
(384, 11111266, '2019-10-07 08:15:33', 1, 'absence justifiée', 'vide', 0),
(385, 11111188, '2020-07-10 16:08:22', 0, 'absence justifiée', 'vide', 0),
(386, 11111384, '2019-08-21 07:46:41', 1, 'absence justifiée', 'vide', 0),
(387, 11111382, '2020-01-07 13:59:47', 0, 'absence justifiée', 'vide', 0),
(388, 11111517, '2019-08-29 04:19:53', 0, 'absence justifiée', 'vide', 0),
(389, 11111261, '2020-03-28 13:20:58', 0, 'absence non justifiée', 'vide', 0),
(390, 11111534, '2020-01-17 06:29:25', 0, 'absence justifiée', 'vide', 0),
(391, 11111401, '2020-02-04 23:54:50', 1, 'absence non justifiée', 'vide', 0),
(392, 11111677, '2020-01-13 17:36:14', 0, 'absence non justifiée', 'vide', 0),
(393, 11111245, '2020-07-17 06:48:53', 0, 'absence non justifiée', 'vide', 0),
(394, 11111220, '2019-08-29 12:01:40', 0, 'absence justifiée', 'vide', 0),
(395, 11111236, '2020-10-20 12:18:48', 0, 'absence justifiée', 'vide', 0),
(396, 11111530, '2019-07-12 14:48:45', 0, 'absence justifiée', 'vide', 0),
(397, 11111300, '2019-04-29 00:06:37', 1, 'absence non justifiée', 'vide', 0),
(398, 11111557, '2019-11-03 17:02:26', 0, 'absence non justifiée', 'vide', 0),
(399, 11111470, '2019-11-05 12:19:37', 1, 'absence non justifiée', 'vide', 0),
(400, 11111221, '2020-07-17 19:09:00', 0, 'absence justifiée', 'vide', 0),
(401, 11111232, '2019-05-19 13:59:06', 0, 'absence justifiée', 'vide', 0),
(402, 11111522, '2020-09-28 06:54:15', 0, 'absence non justifiée', 'vide', 0),
(403, 11111211, '2020-04-04 20:14:27', 0, 'absence non justifiée', 'vide', 0),
(404, 11111312, '2020-06-26 14:46:22', 1, 'absence justifiée', 'vide', 0),
(405, 11111403, '2019-11-16 08:35:20', 1, 'absence justifiée', 'vide', 0),
(406, 11111172, '2019-07-13 10:58:41', 1, 'absence justifiée', 'vide', 0),
(407, 11111508, '2020-11-19 22:38:27', 0, 'absence justifiée', 'vide', 0),
(408, 11111646, '2019-07-30 23:06:50', 1, 'absence justifiée', 'vide', 0),
(409, 11111590, '2019-10-18 11:26:28', 1, 'absence justifiée', 'vide', 0),
(410, 11111417, '2019-10-31 22:56:03', 0, 'absence non justifiée', 'vide', 0),
(411, 11111593, '2020-06-14 20:11:26', 0, 'absence justifiée', 'vide', 0),
(412, 11111661, '2019-06-10 02:37:43', 0, 'absence non justifiée', 'vide', 0),
(413, 11111556, '2019-08-28 08:41:55', 1, 'absence non justifiée', 'vide', 0),
(414, 11111439, '2019-10-23 13:48:43', 1, 'absence non justifiée', 'vide', 0),
(415, 11111264, '2020-10-17 10:28:26', 0, 'absence justifiée', 'vide', 0),
(416, 11111531, '2020-09-13 18:26:11', 0, 'absence justifiée', 'vide', 0),
(417, 11111161, '2020-04-14 03:02:42', 0, 'absence non justifiée', 'vide', 0),
(418, 11111421, '2019-11-12 14:42:55', 0, 'absence non justifiée', 'vide', 0),
(419, 11111404, '2019-04-21 09:26:16', 1, 'absence non justifiée', 'vide', 0),
(420, 11111258, '2019-05-19 11:47:16', 1, 'absence justifiée', 'vide', 0),
(421, 11111323, '2019-09-01 14:57:59', 0, 'absence justifiée', 'vide', 0),
(422, 11111256, '2020-09-30 22:18:10', 1, 'absence justifiée', 'vide', 0),
(423, 11111291, '2020-03-02 03:28:02', 0, 'absence justifiée', 'vide', 0),
(424, 11111163, '2020-09-01 18:12:49', 0, 'absence justifiée', 'vide', 0),
(425, 11111452, '2020-02-07 07:38:19', 0, 'absence non justifiée', 'vide', 0),
(426, 11111555, '2020-01-13 09:58:09', 0, 'absence non justifiée', 'vide', 0),
(427, 11111654, '2020-07-14 08:41:06', 0, 'absence justifiée', 'vide', 0),
(428, 11111436, '2020-02-02 22:04:43', 1, 'absence non justifiée', 'vide', 0),
(429, 11111429, '2020-01-17 22:25:43', 1, 'absence justifiée', 'vide', 0),
(430, 11111399, '2019-11-22 18:44:21', 1, 'absence non justifiée', 'vide', 0),
(431, 11111422, '2020-06-17 07:57:28', 1, 'absence justifiée', 'vide', 0),
(432, 11111416, '2020-07-17 09:39:50', 1, 'absence justifiée', 'vide', 0),
(433, 11111251, '2020-02-09 23:01:57', 0, 'absence non justifiée', 'vide', 0),
(434, 11111659, '2020-04-08 11:33:28', 1, 'absence justifiée', 'vide', 0),
(435, 11111347, '2020-04-27 01:43:57', 1, 'absence justifiée', 'vide', 0),
(436, 11111533, '2019-08-23 17:01:43', 0, 'absence justifiée', 'vide', 0),
(437, 11111147, '2020-05-31 10:18:42', 0, 'absence non justifiée', 'vide', 0),
(438, 11111367, '2020-10-01 03:00:28', 1, 'absence non justifiée', 'vide', 0),
(439, 11111673, '2020-07-29 03:40:37', 0, 'absence non justifiée', 'vide', 0);

-- --------------------------------------------------------

--
-- Structure de la table `etablissement`
--

DROP TABLE IF EXISTS `etablissement`;
CREATE TABLE IF NOT EXISTS `etablissement` (
  `idEtablissement` int(11) NOT NULL AUTO_INCREMENT,
  `NomLong` varchar(45) NOT NULL,
  `NomCourt` varchar(45) NOT NULL,
  `Adresse` text NOT NULL,
  `NomResponsable` varchar(45) NOT NULL,
  `PrenomResponsable` varchar(45) NOT NULL,
  `TelResponsable` varchar(15) NOT NULL,
  `MailResponsable` varchar(45) NOT NULL,
  `NomSecretaire` varchar(45) NOT NULL,
  `PrenomSecretaire` varchar(45) NOT NULL,
  `TelSecretaire` varchar(15) NOT NULL,
  `MailSecretaire` varchar(45) NOT NULL,
  `Logo` varchar(45) NOT NULL,
  `Signature` varchar(45) NOT NULL,
  `ParaBulletin` varchar(45) NOT NULL,
  `Data` text NOT NULL,
  PRIMARY KEY (`idEtablissement`)
) ENGINE=MyISAM AUTO_INCREMENT=3 DEFAULT CHARSET=utf8;

--
-- Déchargement des données de la table `etablissement`
--

INSERT INTO `etablissement` (`idEtablissement`, `NomLong`, `NomCourt`, `Adresse`, `NomResponsable`, `PrenomResponsable`, `TelResponsable`, `MailResponsable`, `NomSecretaire`, `PrenomSecretaire`, `TelSecretaire`, `MailSecretaire`, `Logo`, `Signature`, `ParaBulletin`, `Data`) VALUES
(1, 'Université Sorbonne Paris Nord DAEU', 'UFR LLSHS', '99 Avenue Jean Baptiste Clément, 93430 Villetaneuse', 'HEBERT', 'David', '06 25 10 53 86', 'hebert.iut@gmail.com', 'Danger', 'Patricia', '01 34 40 25 30', 'secdaeu-fc.lshs@univ-paris13.fr', 'Syages', 'signature', 'bulletin du daeu', ''),
(2, 'Université marne la vallee', 'UMLV', '2 Rue Albert Einstein, 77420 Champs-sur-Marne', 'DUPONT', 'Benoit', '06 52 41 78 96', 'bdupont@gmail.com', 'DURAND', 'Christine', '01 52 63 52 75', 'dchristine@gmail.com', 'lv', 'signaturebis', 'bulletin mlv', '');

-- --------------------------------------------------------

--
-- Structure de la table `eval`
--

DROP TABLE IF EXISTS `eval`;
CREATE TABLE IF NOT EXISTS `eval` (
  `idEval` int(11) NOT NULL AUTO_INCREMENT,
  `idPromo` int(11) NOT NULL,
  `idUser` int(11) NOT NULL,
  `Note` float NOT NULL,
  `Date` date NOT NULL,
  `Coef` float NOT NULL,
  `Mode` text NOT NULL,
  `Drapeau` tinyint(4) NOT NULL,
  `modifie` int(1) NOT NULL,
  `historique` text NOT NULL,
  PRIMARY KEY (`idEval`)
) ENGINE=MyISAM AUTO_INCREMENT=14 DEFAULT CHARSET=utf8;

--
-- Déchargement des données de la table `eval`
--

INSERT INTO `eval` (`idEval`, `idPromo`, `idUser`, `Note`, `Date`, `Coef`, `Mode`, `Drapeau`, `modifie`, `historique`) VALUES
(5, 123456789, 11111389, 19, '2020-06-16', 3, 'contrôle c', 0, 0, ''),
(6, 123456788, 11111125, 13, '2020-05-16', 1.5, 'contrôle c', 0, 0, ''),
(7, 123456788, 11111118, 14, '2020-05-16', 4.5, 'contrôle c', 0, 0, ''),
(8, 123456788, 11111279, 5, '2020-06-16', 3, 'contrôle c', 0, 0, ''),
(9, 123456788, 11111380, 9, '2020-05-16', 1, 'contrôle c', 0, 0, ''),
(10, 123456788, 11111107, 12, '2020-05-16', 2, 'contrôle c', 0, 0, ''),
(11, 123456788, 11111357, 20, '2020-06-16', 2.5, 'contrôle c', 0, 0, ''),
(12, 123456788, 11111291, 18, '2020-07-16', 8, 'contrôle c', 0, 0, ''),
(13, 123456788, 11111141, 16, '2020-07-16', 5, 'contrôle c', 0, 0, '');

-- --------------------------------------------------------

--
-- Structure de la table `matiere`
--

DROP TABLE IF EXISTS `matiere`;
CREATE TABLE IF NOT EXISTS `matiere` (
  `idMatiere` int(11) NOT NULL AUTO_INCREMENT,
  `Nom` varchar(45) NOT NULL,
  `idPromotion` int(11) NOT NULL,
  `idUser` int(11) NOT NULL,
  `Mode` varchar(45) NOT NULL,
  `Coef` float NOT NULL,
  `Data` text NOT NULL,
  `Drapeau` tinyint(4) NOT NULL,
  PRIMARY KEY (`idMatiere`)
) ENGINE=MyISAM AUTO_INCREMENT=9 DEFAULT CHARSET=utf8;

--
-- Déchargement des données de la table `matiere`
--

INSERT INTO `matiere` (`idMatiere`, `Nom`, `idPromotion`, `idUser`, `Mode`, `Coef`, `Data`, `Drapeau`) VALUES
(1, 'Mathématiques', 120212, 1111111111, 'pour jury', 2.5, '', 0),
(2, 'Français', 120211, 1111111111, 'pour jury', 2, '', 0),
(3, 'Anglais', 120212, 1111111111, 'pour jury', 1.5, '', 0),
(4, 'Physique', 120211, 134135, 'pour jury', 2, '', 0),
(5, 'chimie', 120211, 111154, 'pour jury', 1.5, '', 0),
(6, 'Espagnole ', 120212, 125567, 'pour jury', 1, '', 0),
(7, 'Arabe', 120211, 111554, 'pour jury', 1, '', 0),
(8, 'SVT ', 120212, 125567, 'pour jury', 1.5, '', 0);

-- --------------------------------------------------------

--
-- Structure de la table `moyenne`
--

DROP TABLE IF EXISTS `moyenne`;
CREATE TABLE IF NOT EXISTS `moyenne` (
  `idMoyenne` int(11) NOT NULL AUTO_INCREMENT,
  `idUser` int(11) NOT NULL,
  `idMatiere` int(11) NOT NULL,
  `Note` float NOT NULL,
  `Commentaire` text NOT NULL,
  `Historique` text NOT NULL,
  `Data` text NOT NULL,
  `Drapeau` tinyint(1) NOT NULL,
  PRIMARY KEY (`idMoyenne`)
) ENGINE=MyISAM AUTO_INCREMENT=16 DEFAULT CHARSET=utf8;

--
-- Déchargement des données de la table `moyenne`
--

INSERT INTO `moyenne` (`idMoyenne`, `idUser`, `idMatiere`, `Note`, `Commentaire`, `Historique`, `Data`, `Drapeau`) VALUES
(1, 11111111, 2, 15, '', 'vide', '', 0),
(2, 11111112, 2, 15, '', 'vide', '', 0),
(3, 11111141, 1, 15, '', 'vide', '', 0),
(4, 11111165, 2, 8, '', 'vide', '', 0),
(5, 11111192, 3, 20, '', 'vide', '', 0),
(6, 11111254, 3, 17, '', 'vide', '', 0),
(7, 11111356, 1, 13, '', 'vide', '', 0),
(8, 11111157, 2, 7, '', 'vide', '', 0),
(9, 11111116, 2, 10, '', 'vide', '', 0),
(10, 11111142, 1, 15, '', 'vide', '', 0),
(11, 11111166, 2, 8, '', 'vide', '', 0),
(12, 11111193, 3, 20, '', 'vide', '', 0),
(13, 11111255, 3, 17, '', 'vide', '', 0),
(14, 11111357, 1, 13, '', 'vide', '', 0),
(15, 11111158, 2, 7, '', 'vide', '', 0);

-- --------------------------------------------------------

--
-- Structure de la table `promotion`
--

DROP TABLE IF EXISTS `promotion`;
CREATE TABLE IF NOT EXISTS `promotion` (
  `idPromotion` int(11) NOT NULL AUTO_INCREMENT,
  `NomPromo` varchar(45) NOT NULL,
  `idEtalissement` int(11) NOT NULL,
  `Option` varchar(45) NOT NULL,
  `DateDebut` date NOT NULL,
  `DateFin` date NOT NULL,
  `paraDiplome` varchar(45) NOT NULL,
  `paraValidation` int(11) NOT NULL,
  `matieres` text NOT NULL,
  `Drapeau` tinyint(1) NOT NULL,
  PRIMARY KEY (`idPromotion`)
) ENGINE=MyISAM AUTO_INCREMENT=123456790 DEFAULT CHARSET=utf8;

--
-- Déchargement des données de la table `promotion`
--

INSERT INTO `promotion` (`idPromotion`, `NomPromo`, `idEtalissement`, `Option`, `DateDebut`, `DateFin`, `paraDiplome`, `paraValidation`, `matieres`, `Drapeau`) VALUES
(120211, 'Sanglier', 1, 'A', '2020-10-22', '2021-06-27', 'lipsiusi', 8, 'français; langue vivante', 0),
(120212, 'Cerf', 1, 'B', '2020-10-22', '2021-06-27', 'lipsiuse', 8, 'français; mathématiques', 0);

-- --------------------------------------------------------

--
-- Structure de la table `users`
--

DROP TABLE IF EXISTS `users`;
CREATE TABLE IF NOT EXISTS `users` (
  `idUser` int(11) NOT NULL AUTO_INCREMENT,
  `Login` varchar(40) NOT NULL,
  `MotDePasse` varchar(45) NOT NULL,
  `Nom` varchar(45) NOT NULL,
  `NomEpouse` varchar(45) NOT NULL,
  `Prénom` varchar(45) NOT NULL,
  `Photo` varchar(45) NOT NULL,
  `Téléphone` varchar(15) NOT NULL,
  `Mail` varchar(45) NOT NULL,
  `idEtablissement` int(11) NOT NULL,
  `Role` varchar(3) NOT NULL,
  `promo` int(11) NOT NULL,
  `InscriptionMatiere` varchar(45) NOT NULL,
  `InscriptionPeda` varchar(45) NOT NULL,
  `InfoPrivee` varchar(45) NOT NULL,
  `InfoRedoublement` varchar(45) NOT NULL,
  `Perqonnalisation` varchar(45) NOT NULL,
  `Data` text NOT NULL,
  `Historique` text NOT NULL,
  `Drapeau` tinyint(4) NOT NULL,
  PRIMARY KEY (`idUser`)
) ENGINE=MyISAM AUTO_INCREMENT=1214800756 DEFAULT CHARSET=utf8;

--
-- Déchargement des données de la table `users`
--

INSERT INTO `users` (`idUser`, `Login`, `MotDePasse`, `Nom`, `NomEpouse`, `Prénom`, `Photo`, `Téléphone`, `Mail`, `idEtablissement`, `Role`, `promo`, `InscriptionMatiere`, `InscriptionPeda`, `InfoPrivee`, `InfoRedoublement`, `Perqonnalisation`, `Data`, `Historique`, `Drapeau`) VALUES
(11111111, 'Jonas11111111', 'w8DBmtVXxBJt', 'Daniel', '', 'Jonas', 'p0', '618960000', 'Jonas.Daniel@edu.universite.fr', 1, 'e', 120212, 'langue, maths, physique', '', '', 'non', 'rien', '', '', 0),
(11111112, 'Romane11111112', 'vM9/p0dXOX1e', 'Virgile', '', 'Romane', 'p1', '642530001', 'Romane.Virgile@edu.universite.fr', 1, 'e', 120211, 'maths, langue, physique', '', '', 'non', 'rien', '', '', 0),
(11111113, 'Rony11111113', '4S~GL&64!GBd', 'Warren', '', 'Rony', 'p2', '677040002', 'Rony.Warren@edu.universite.fr', 1, 'p', 0, 'maths, physique, anglais', '', '', 'non', 'rien', '', '', 0),
(11111114, 'Ruth11111114', 'X4LfozQNpb&?', 'Yael', '', 'Ruth', 'p3', '604230003', 'Ruth.Yael@edu.universite.fr', 1, 'e', 120211, 'langue, maths, anglais', '', '', 'oui', 'rien', '', '', 0),
(11111115, 'Ryad11111115', 'p%vr/fCV.jju', 'Zakary', '', 'Ryad', 'p4', '729270004', 'Ryad.Zakary@edu.universite.fr', 1, 'e', 120211, 'langue, francais, maths', '', '', 'oui', 'rien', '', '', 0),
(11111116, 'Sacha11111116', 'iThoB%L%YS9D', 'Abel', '', 'Sacha', 'p5', '706260005', 'Sacha.Abel@edu.universite.fr', 1, 'e', 120212, 'langue, informatique, physique', '', '', 'oui', 'rien', '', '', 0),
(11111117, 'Sébastien11111117', 'v2xzTm3Q4cxE', 'Aboubacar', '', 'Sébastien', 'p6', '607240006', 'Sébastien.Aboubacar@edu.universite.fr', 1, 'e', 120212, 'francais, physique, maths', '', '', 'non', 'rien', '', '', 0),
(11111118, 'Sérine11111118', '?XAlB8qW/7RG', 'Alassane', '', 'Sérine', 'p7', '618130007', 'Sérine.Alassane@edu.universite.fr', 1, 'e', 120212, 'informatique, physique, anglais', '', '', 'non', 'rien', '', '', 0),
(11111119, 'Sirine11111119', 'Ik*bMYx$w-~P', 'Alban', '', 'Sirine', 'p8', '734420008', 'Sirine.Alban@edu.universite.fr', 1, 'e', 120211, 'physique, anglais, informatique', '', '', 'non', 'rien', '', '', 0),
(11111120, 'Solène11111120', '&cgt~Xdrd:?r', 'Amy', '', 'Solène', 'p9', '604620009', 'Solène.Amy@edu.universite.fr', 1, 'e', 120211, 'anglais, langue, informatique', '', '', 'non', 'rien', '', '', 0),
(11111121, 'Tara11111121', 'xK~qiK012SXl', 'Angelina', '', 'Tara', 'p10', '611090010', 'Tara.Angelina@edu.universite.fr', 1, 'e', 120211, 'francais, langue, maths', '', '', 'non', 'rien', '', '', 0),
(11111122, 'Timothée11111122', 'EW!KcQE91BWZ', 'Auxence', '', 'Timothée', 'p11', '771690011', 'Timothée.Auxence@edu.universite.fr', 1, 'p', 0, 'anglais, francais, langue', '', '', 'non', 'rien', '', '', 0),
(11111123, 'Yani11111123', 'U9FXajhg:h0T', 'Bakary', '', 'Yani', 'p12', '782500012', 'Yani.Bakary@edu.universite.fr', 1, 'e', 120212, 'physique, informatique, anglais', '', '', 'oui', 'rien', '', '', 0),
(11111124, 'Yaya11111124', 'n/SNmZbBue91', 'Binta', '', 'Yaya', 'p13', '690800013', 'Yaya.Binta@edu.universite.fr', 1, 'e', 120211, 'physique, maths, informatique', '', '', 'non', 'rien', '', '', 0),
(11111125, 'Yvan11111125', 'pEedtCr1~hoC', 'Chahine', '', 'Yvan', 'p14', '760810014', 'Yvan.Chahine@edu.universite.fr', 1, 'e', 120212, 'maths, francais, anglais', '', '', 'non', 'rien', '', '', 0),
(11111126, 'Zacharie11111126', 'a$Y-oyrv19IA', 'Chaïma', '', 'Zacharie', 'p15', '771840015', 'Zacharie.Chaïma@edu.universite.fr', 1, 'p', 0, 'physique, maths, anglais', '', '', 'non', 'rien', '', '', 0),
(11111127, 'Abraham11111127', 'KL6fuZZfa2A/', 'Coline', '', 'Abraham', 'p16', '637200016', 'Abraham.Coline@edu.universite.fr', 1, 'e', 120211, 'maths, francais, anglais', '', '', 'oui', 'rien', '', '', 0),
(11111128, 'Aglaé11111128', 'yaK%fuC1jQYA', 'Dahlia', '', 'Aglaé', 'p17', '758730017', 'Aglaé.Dahlia@edu.universite.fr', 1, 'e', 120211, 'informatique, anglais, langue', '', '', 'oui', 'rien', '', '', 0),
(11111129, 'Ambre11111129', 'FPE7BMJ4jaDY', 'Danyl', '', 'Ambre', 'p18', '693920018', 'Ambre.Danyl@edu.universite.fr', 1, 'e', 120212, 'informatique, maths, langue', '', '', 'non', 'rien', '', '', 0),
(11111130, 'Anastasia11111130', 'z6dUR&tl/p8!', 'Djibril', '', 'Anastasia', 'p19', '744750019', 'Anastasia.Djibril@edu.universite.fr', 1, 'e', 120211, 'informatique, francais, anglais', '', '', 'oui', 'rien', '', '', 0),
(11111131, 'Angelo11111131', '%J-2sw5WDK3s', 'Dylan', '', 'Angelo', 'p20', '616420020', 'Angelo.Dylan@edu.universite.fr', 1, 'e', 120211, 'informatique, anglais, maths', '', '', 'oui', 'rien', '', '', 0),
(11111132, 'Anselme11111132', 'ud$!tBfu-3dG', 'Eden', '', 'Anselme', 'p21', '652020021', 'Anselme.Eden@edu.universite.fr', 1, 'e', 120211, 'maths, informatique, francais', '', '', 'non', 'rien', '', '', 0),
(11111133, 'Arthur11111133', 'Xr6~sr.P35N7', 'Eduardo', '', 'Arthur', 'p22', '697360022', 'Arthur.Eduardo@edu.universite.fr', 1, 'p', 0, 'langue, francais, physique', '', '', 'non', 'rien', '', '', 0),
(11111134, 'Artur11111134', '6:mM+GDT3gv!', 'Eléna', '', 'Artur', 'p23', '644590023', 'Artur.Eléna@edu.universite.fr', 1, 'e', 120211, 'informatique, langue, francais', '', '', 'non', 'rien', '', '', 0),
(11111135, 'Astrid11111135', 'v~zKvqRhW9lI', 'Elise', '', 'Astrid', 'p24', '729860024', 'Astrid.Elise@edu.universite.fr', 1, 'e', 120211, 'informatique, anglais, maths', '', '', 'oui', 'rien', '', '', 0),
(11111136, 'Ayline11111136', 'WPYNieS8%f2L', 'Elyas', '', 'Ayline', 'p25', '724630025', 'Ayline.Elyas@edu.universite.fr', 1, 'e', 120211, 'physique, informatique, francais', '', '', 'non', 'rien', '', '', 0),
(11111137, 'Brayan11111137', 'C2IdCikgh0t1', 'Emilia', '', 'Brayan', 'p26', '780290026', 'Brayan.Emilia@edu.universite.fr', 1, 'e', 120212, 'francais, informatique, maths', '', '', 'oui', 'rien', '', '', 0),
(11111138, 'Charline11111138', 'n~Wb&d$~MX~?', 'Erwan', '', 'Charline', 'p27', '790360027', 'Charline.Erwan@edu.universite.fr', 1, 'e', 120211, 'langue, francais, anglais', '', '', 'non', 'rien', '', '', 0),
(11111139, 'Christelle11111139', '13qJ5GFEJs-$', 'Faustine', '', 'Christelle', 'p28', '658360028', 'Christelle.Faustine@edu.universite.fr', 1, 'e', 120212, 'physique, informatique, anglais', '', '', 'non', 'rien', '', '', 0),
(11111140, 'Christine11111140', '?WSW:DzriNWA', 'Fodé', '', 'Christine', 'p29', '604110029', 'Christine.Fodé@edu.universite.fr', 1, 'p', 0, 'maths, anglais, informatique', '', '', 'non', 'rien', '', '', 0),
(11111141, 'Daphnée11111141', 'ZtS51giH4$5.', 'Gabin', '', 'Daphnée', 'p30', '768840030', 'Daphnée.Gabin@edu.universite.fr', 1, 'e', 120211, 'physique, langue, informatique', '', '', 'oui', 'rien', '', '', 0),
(11111142, 'Dimitri11111142', 'hSgi3QLX4/AP', 'Hatem', '', 'Dimitri', 'p31', '781170031', 'Dimitri.Hatem@edu.universite.fr', 1, 'e', 120211, 'langue, physique, anglais', '', '', 'oui', 'rien', '', '', 0),
(11111143, 'Eleanor11111143', 'zNyQg&dn%m3N', 'Hayden', '', 'Eleanor', 'p32', '667170032', 'Eleanor.Hayden@edu.universite.fr', 1, 'e', 120212, 'francais, maths, anglais', '', '', 'oui', 'rien', '', '', 0),
(11111144, 'Elora11111144', 'JuT7jo94kuGa', 'Ilona', '', 'Elora', 'p33', '672630033', 'Elora.Ilona@edu.universite.fr', 1, 'e', 120211, 'langue, physique, maths', '', '', 'oui', 'rien', '', '', 0),
(11111145, 'Fanta11111145', 'O-fzX1zKv:~M', 'Ilyes', '', 'Fanta', 'p34', '604200034', 'Fanta.Ilyes@edu.universite.fr', 1, 'e', 120212, 'langue, physique, maths', '', '', 'oui', 'rien', '', '', 0),
(11111146, 'Flavio11111146', '8V$b3UGVEM&B', 'Imran', '', 'Flavio', 'p35', '627610035', 'Flavio.Imran@edu.universite.fr', 1, 'e', 120212, 'physique, langue, informatique', '', '', 'oui', 'rien', '', '', 0),
(11111147, 'Flore11111147', 'BeFT3iTqyU:%', 'Isadora', '', 'Flore', 'p36', '656060036', 'Flore.Isadora@edu.universite.fr', 1, 'e', 120212, 'anglais, informatique, francais', '', '', 'oui', 'rien', '', '', 0),
(11111148, 'Gabin11111148', '+TW2ObBVQU1J', 'Khadija', '', 'Gabin', 'p37', '639930037', 'Gabin.Khadija@edu.universite.fr', 1, 'e', 120211, 'informatique, maths, francais', '', '', 'non', 'rien', '', '', 0),
(11111149, 'Gabrielle11111149', 'MUsiIaj!kU--', 'Laure', '', 'Gabrielle', 'p38', '603010038', 'Gabrielle.Laure@edu.universite.fr', 1, 'e', 120212, 'anglais, langue, informatique', '', '', 'non', 'rien', '', '', 0),
(11111150, 'Giulia11111150', 'QYSb?Luko1od', 'Lili', '', 'Giulia', 'p39', '612130039', 'Giulia.Lili@edu.universite.fr', 1, 'e', 120211, 'langue, francais, informatique', '', '', 'oui', 'rien', '', '', 0),
(11111151, 'Guilhem11111151', '6h9-/*RiR?Ok', 'Lilou', '', 'Guilhem', 'p40', '630390040', 'Guilhem.Lilou@edu.universite.fr', 1, 'e', 120212, 'francais, physique, maths', '', '', 'oui', 'rien', '', '', 0),
(11111152, 'Hanna11111152', 'pBJBL/:+FX.1', 'Lohan', '', 'Hanna', 'p41', '730930041', 'Hanna.Lohan@edu.universite.fr', 1, 'e', 120211, 'langue, francais, maths', '', '', 'oui', 'rien', '', '', 0),
(11111153, 'Héléna11111153', '?7y%!&ItJ-Zp', 'Louisa', '', 'Héléna', 'p42', '781980042', 'Héléna.Louisa@edu.universite.fr', 1, 'e', 120212, 'langue, francais, physique', '', '', 'oui', 'rien', '', '', 0),
(11111154, 'Imène11111154', 'SGM~2nWYG7Y/', 'Louise', '', 'Imène', 'p43', '793650043', 'Imène.Louise@edu.universite.fr', 1, 'p', 0, 'langue, informatique, francais', '', '', 'non', 'rien', '', '', 0),
(11111155, 'Issam11111155', '*fSXH*AYVC-3', 'Louison', '', 'Issam', 'p44', '645530044', 'Issam.Louison@edu.universite.fr', 1, 'e', 120212, 'informatique, physique, francais', '', '', 'oui', 'rien', '', '', 0),
(11111156, 'Liza11111156', 'UyBaRh$b*8$g', 'Luke', '', 'Liza', 'p45', '761330045', 'Liza.Luke@edu.universite.fr', 1, 'p', 0, 'langue, maths, informatique', '', '', 'non', 'rien', '', '', 0),
(11111157, 'Lou11111157', 'y+g&Bg5k0BnT', 'Mael', '', 'Lou', 'p46', '734150046', 'Lou.Mael@edu.universite.fr', 1, 'p', 0, 'physique, francais, langue', '', '', 'non', 'rien', '', '', 0),
(11111158, 'Malika11111158', 'vY-rE38i5aQ8', 'Maëlyne', '', 'Malika', 'p47', '733010047', 'Malika.Maëlyne@edu.universite.fr', 1, 'e', 120212, 'francais, physique, informatique', '', '', 'non', 'rien', '', '', 0),
(11111159, 'Malone11111159', 'oMx3gAv*Q%11', 'Marley', '', 'Malone', 'p48', '668450048', 'Malone.Marley@edu.universite.fr', 1, 'e', 120212, 'physique, informatique, francais', '', '', 'oui', 'rien', '', '', 0),
(11111160, 'Manelle11111160', 'ddKrq!GOH8pF', 'Matteo', '', 'Manelle', 'p49', '731250049', 'Manelle.Matteo@edu.universite.fr', 1, 'e', 120211, 'anglais, langue, physique', '', '', 'oui', 'rien', '', '', 0),
(11111161, 'Manon11111161', '8JeatyLW49am', 'Mohamed', '', 'Manon', 'p50', '615100050', 'Manon.Mohamed@edu.universite.fr', 1, 'p', 0, 'informatique, francais, maths', '', '', 'non', 'rien', '', '', 0),
(11111162, 'Moustapha11111162', 'BhF6O28z1Sg5', 'Morgan', '', 'Moustapha', 'p51', '757090051', 'Moustapha.Morgan@edu.universite.fr', 1, 'e', 120211, 'maths, physique, informatique', '', '', 'non', 'rien', '', '', 0),
(11111163, 'Myriam11111163', '-T5esGIY:D5N', 'Nolhan', '', 'Myriam', 'p52', '654100052', 'Myriam.Nolhan@edu.universite.fr', 1, 'e', 120212, 'anglais, langue, maths', '', '', 'oui', 'rien', '', '', 0),
(11111164, 'Naomi11111164', 'DtS6--k7*Li:', 'Octave', '', 'Naomi', 'p53', '741740053', 'Naomi.Octave@edu.universite.fr', 1, 'e', 120212, 'physique, francais, langue', '', '', 'non', 'rien', '', '', 0),
(11111165, 'Nazim11111165', ':AMt+kkpBAzH', 'Olivia', '', 'Nazim', 'p54', '668840054', 'Nazim.Olivia@edu.universite.fr', 1, 'e', 120212, 'francais, langue, maths', '', '', 'non', 'rien', '', '', 0),
(11111166, 'Nikola11111166', 'Pi8quAnn65P:', 'Olympia', '', 'Nikola', 'p55', '635210055', 'Nikola.Olympia@edu.universite.fr', 1, 'e', 120211, 'physique, informatique, francais', '', '', 'non', 'rien', '', '', 0),
(11111167, 'Nils11111167', '6c5%&~?%KfyD', 'Ombeline', '', 'Nils', 'p56', '647220056', 'Nils.Ombeline@edu.universite.fr', 1, 'e', 120211, 'informatique, anglais, langue', '', '', 'non', 'rien', '', '', 0),
(11111168, 'Pénélope11111168', 'E!cRXnkPC7yo', 'Riyad', '', 'Pénélope', 'p57', '686660057', 'Pénélope.Riyad@edu.universite.fr', 1, 'e', 120211, 'anglais, langue, maths', '', '', 'oui', 'rien', '', '', 0),
(11111169, 'Rania11111169', 'e$ameQX2m8u&', 'Ryad', '', 'Rania', 'p58', '787560058', 'Rania.Ryad@edu.universite.fr', 1, 'e', 120211, 'anglais, francais, langue', '', '', 'non', 'rien', '', '', 0),
(11111170, 'Ruben11111170', '~-3CmGcMn+OB', 'Ryan', '', 'Ruben', 'p59', '744890059', 'Ruben.Ryan@edu.universite.fr', 1, 'e', 120211, 'physique, anglais, informatique', '', '', 'non', 'rien', '', '', 0),
(11111171, 'Saïd11111171', 'uvSL64z.Ie5D', 'Salim', '', 'Saïd', 'p60', '774070060', 'Saïd.Salim@edu.universite.fr', 1, 'e', 120212, 'maths, informatique, francais', '', '', 'non', 'rien', '', '', 0),
(11111172, 'Sasha11111172', 'QJCvCHI308SN', 'Sanaa', '', 'Sasha', 'p61', '693670061', 'Sasha.Sanaa@edu.universite.fr', 1, 'e', 120212, 'anglais, physique, francais', '', '', 'oui', 'rien', '', '', 0),
(11111173, 'Shirel11111173', 'WY6*DNKY~KgY', 'Stanley', '', 'Shirel', 'p62', '705540062', 'Shirel.Stanley@edu.universite.fr', 1, 'e', 120211, 'informatique, langue, anglais', '', '', 'non', 'rien', '', '', 0),
(11111174, 'Stanley11111174', 'Cebh*n&5M07R', 'Stéphane', '', 'Stanley', 'p63', '749770063', 'Stanley.Stéphane@edu.universite.fr', 1, 'e', 120211, 'anglais, maths, physique', '', '', 'oui', 'rien', '', '', 0),
(11111175, 'Sylvie11111175', 'Qg+RBRqFYGeV', 'Swann', '', 'Sylvie', 'p64', '653070064', 'Sylvie.Swann@edu.universite.fr', 1, 'e', 120212, 'francais, langue, maths', '', '', 'oui', 'rien', '', '', 0),
(11111176, 'Tatiana11111176', 'JoJDcyrZq&tk', 'Tatiana', '', 'Tatiana', 'p65', '604560065', 'Tatiana.Tatiana@edu.universite.fr', 1, 'p', 0, 'anglais, francais, informatique', '', '', 'non', 'rien', '', '', 0),
(11111177, 'Tess11111177', 'XDJVq77SRla%', 'Timothée', '', 'Tess', 'p66', '760080066', 'Tess.Timothée@edu.universite.fr', 1, 'p', 0, 'maths, francais, informatique', '', '', 'non', 'rien', '', '', 0),
(11111178, 'Thibault11111178', '8rrNbKLOvpb0', 'Tracy', '', 'Thibault', 'p67', '775420067', 'Thibault.Tracy@edu.universite.fr', 1, 'e', 120211, 'langue, maths, francais', '', '', 'non', 'rien', '', '', 0),
(11111179, 'Timothée11111179', 'GH?NGt*U5Dcb', 'Victoria', '', 'Timothée', 'p68', '783530068', 'Timothée.Victoria@edu.universite.fr', 1, 'e', 120212, 'francais, physique, anglais', '', '', 'non', 'rien', '', '', 0),
(11111180, 'Valentino11111180', 'Inq0N-%udI&3', 'Yasmine', '', 'Valentino', 'p69', '638550069', 'Valentino.Yasmine@edu.universite.fr', 1, 'e', 120211, 'francais, informatique, maths', '', '', 'oui', 'rien', '', '', 0),
(11111181, 'Vanessa11111181', 'CN4N4sLsMiD-', 'Yassine', '', 'Vanessa', 'p70', '633970070', 'Vanessa.Yassine@edu.universite.fr', 1, 'p', 0, 'informatique, maths, physique', '', '', 'non', 'rien', '', '', 0),
(11111182, 'Yaël11111182', 'XhtThLYOVZ.P', 'Yohan', '', 'Yaël', 'p71', '619350071', 'Yaël.Yohan@edu.universite.fr', 1, 'e', 120212, 'informatique, langue, anglais', '', '', 'oui', 'rien', '', '', 0),
(11111183, 'Yannick11111183', '8I?Qpe!5!$Tp', 'Alan', '', 'Yannick', 'p72', '708610072', 'Yannick.Alan@edu.universite.fr', 1, 'e', 120211, 'anglais, informatique, langue', '', '', 'non', 'rien', '', '', 0),
(11111184, 'Zineb11111184', '?KLX1/Lsacs5', 'Aly', '', 'Zineb', 'p73', '748870073', 'Zineb.Aly@edu.universite.fr', 1, 'e', 120211, 'francais, anglais, langue', '', '', 'oui', 'rien', '', '', 0),
(11111185, 'Adrian11111185', '*uZe73&EyF8U', 'Anaé', '', 'Adrian', 'p74', '664260074', 'Adrian.Anaé@edu.universite.fr', 1, 'e', 120211, 'informatique, maths, physique', '', '', 'non', 'rien', '', '', 0),
(11111186, 'Adrien11111186', 'L3z2Ezs8ISwt', 'Dahlia', '', 'Adrien', 'p75', '645030075', 'Adrien.Dahlia@edu.universite.fr', 1, 'e', 120211, 'informatique, anglais, langue', '', '', 'non', 'rien', '', '', 0),
(11111187, 'Alma11111187', '-m41!3c9SirX', 'Aksil', '', 'Alma', 'p76', '658540076', 'Alma.Aksil@edu.universite.fr', 1, 'e', 120212, 'francais, maths, physique', '', '', 'oui', 'rien', '', '', 0),
(11111188, 'Alpha11111188', 'a9AEMskt%Uac', 'Alon', '', 'Alpha', 'p77', '742850077', 'Alpha.Alon@edu.universite.fr', 1, 'e', 120212, 'physique, informatique, langue', '', '', 'oui', 'rien', '', '', 0),
(11111189, 'Alya11111189', 'mFUXMG~U&+AP', 'Mazen', '', 'Alya', 'p78', '605580078', 'Alya.Mazen@edu.universite.fr', 1, 'e', 120212, 'anglais, maths, physique', '', '', 'oui', 'rien', '', '', 0),
(11111190, 'Ambrine11111190', '9IUDlgM08vd2', 'Tancrède', '', 'Ambrine', 'p79', '752360079', 'Ambrine.Tancrède@edu.universite.fr', 1, 'p', 0, 'langue, informatique, physique', '', '', 'non', 'rien', '', '', 0),
(11111191, 'Amina11111191', 'ayMa/1oo%Jo*', 'Amicie', '', 'Amina', 'p80', '642510080', 'Amina.Amicie@edu.universite.fr', 1, 'e', 120212, 'langue, physique, francais', '', '', 'oui', 'rien', '', '', 0),
(11111192, 'Andréa11111192', 'n3NgjM6x&bMI', 'Elon', '', 'Andréa', 'p81', '722780081', 'Andréa.Elon@edu.universite.fr', 1, 'e', 120211, 'informatique, langue, maths', '', '', 'oui', 'rien', '', '', 0),
(11111193, 'Anissa11111193', 'vn9QVt23S8sz', 'Maximilian', '', 'Anissa', 'p82', '676680082', 'Anissa.Maximilian@edu.universite.fr', 1, 'e', 120212, 'anglais, langue, maths', '', '', 'non', 'rien', '', '', 0),
(11111194, 'Anton11111194', 'WFgo&VlT~hP:', 'Saliou', '', 'Anton', 'p83', '707370083', 'Anton.Saliou@edu.universite.fr', 1, 'e', 120211, 'physique, francais, informatique', '', '', 'non', 'rien', '', '', 0),
(11111195, 'Arthur11111195', ':641CI2BL!$K', 'Thierno', '', 'Arthur', 'p84', '797410084', 'Arthur.Thierno@edu.universite.fr', 1, 'e', 120212, 'anglais, maths, langue', '', '', 'non', 'rien', '', '', 0),
(11111196, 'Ashley11111196', '4JKTfZ*eqe3N', 'Olympia', '', 'Ashley', 'p85', '614310085', 'Ashley.Olympia@edu.universite.fr', 1, 'e', 120211, 'francais, informatique, anglais', '', '', 'oui', 'rien', '', '', 0),
(11111197, 'Axel11111197', 'bR+COPFAIgnD', 'Soraya', '', 'Axel', 'p86', '662450086', 'Axel.Soraya@edu.universite.fr', 1, 'e', 120212, 'francais, maths, langue', '', '', 'oui', 'rien', '', '', 0),
(11111198, 'Balthazar11111198', 'vQab*ZDTu!Pi', 'Adams', '', 'Balthazar', 'p87', '729370087', 'Balthazar.Adams@edu.universite.fr', 1, 'e', 120211, 'anglais, francais, langue', '', '', 'non', 'rien', '', '', 0),
(11111199, 'Blanche11111199', 'Go$.fFW.SVT+', 'Laurent', '', 'Blanche', 'p88', '664520088', 'Blanche.Laurent@edu.universite.fr', 1, 'e', 120211, 'anglais, langue, physique', '', '', 'non', 'rien', '', '', 0),
(11111200, 'Brieuc11111200', 'GnM5Ck!HNvaH', 'Santiago', '', 'Brieuc', 'p89', '794640089', 'Brieuc.Santiago@edu.universite.fr', 1, 'e', 120211, 'langue, anglais, informatique', '', '', 'non', 'rien', '', '', 0),
(11111201, 'Céline11111201', 'jv1?q%2x-Y2~', 'Tidiane', '', 'Céline', 'p90', '759760090', 'Céline.Tidiane@edu.universite.fr', 1, 'p', 0, 'informatique, francais, maths', '', '', 'non', 'rien', '', '', 0),
(11111202, 'Dorian11111202', 'nCFOtcm8rVay', 'Yohann', '', 'Dorian', 'p91', '756350091', 'Dorian.Yohann@edu.universite.fr', 1, 'e', 120212, 'maths, anglais, langue', '', '', 'oui', 'rien', '', '', 0),
(11111203, 'Elias11111203', 'oNuqA54Bi+4X', 'Yossef', '', 'Elias', 'p92', '709220092', 'Elias.Yossef@edu.universite.fr', 1, 'e', 120212, 'physique, langue, francais', '', '', 'non', 'rien', '', '', 0),
(11111204, 'Ernest11111204', 'hi!&+OMI0&kM', 'Fanny', '', 'Ernest', 'p93', '698380093', 'Ernest.Fanny@edu.universite.fr', 1, 'e', 120211, 'informatique, physique, maths', '', '', 'oui', 'rien', '', '', 0),
(11111205, 'Éva11111205', 'E5ENrkJx0xJR', 'Mellina', '', 'Éva', 'p94', '690790094', 'Éva.Mellina@edu.universite.fr', 1, 'e', 120211, 'anglais, maths, langue', '', '', 'oui', 'rien', '', '', 0),
(11111206, 'Ewan11111206', 'fMlJJMr3zzdP', 'Aurèle', '', 'Ewan', 'p95', '787770095', 'Ewan.Aurèle@edu.universite.fr', 1, 'e', 120211, 'physique, informatique, maths', '', '', 'non', 'rien', '', '', 0),
(11111207, 'Felix11111207', ':bOGVtYD8v-7', 'Aymen', '', 'Felix', 'p96', '646000096', 'Felix.Aymen@edu.universite.fr', 1, 'e', 120212, 'maths, anglais, francais', '', '', 'non', 'rien', '', '', 0),
(11111208, 'Hana11111208', '08jZ:9ACQcIb', 'Calixte', '', 'Hana', 'p97', '780740097', 'Hana.Calixte@edu.universite.fr', 1, 'e', 120212, 'physique, anglais, informatique', '', '', 'non', 'rien', '', '', 0),
(11111209, 'Hédi11111209', '4.DX3-D:er!4', 'Caroline', '', 'Hédi', 'p98', '785800098', 'Hédi.Caroline@edu.universite.fr', 1, 'p', 0, 'physique, francais, maths', '', '', 'non', 'rien', '', '', 0),
(11111210, 'Henry11111210', 'JLU7~aG50k&K', 'Cédric', '', 'Henry', 'p99', '786500099', 'Henry.Cédric@edu.universite.fr', 1, 'e', 120212, 'langue, anglais, maths', '', '', 'oui', 'rien', '', '', 0),
(11111211, 'Ilyan11111211', 'P~DPPe/Rr~Up', 'Célestine', '', 'Ilyan', 'p100', '600430100', 'Ilyan.Célestine@edu.universite.fr', 1, 'e', 120211, 'langue, physique, informatique', '', '', 'non', 'rien', '', '', 0),
(11111212, 'Imane11111212', 'Sztrmsdf.3+P', 'Edward', '', 'Imane', 'p101', '684720101', 'Imane.Edward@edu.universite.fr', 1, 'e', 120212, 'anglais, francais, maths', '', '', 'non', 'rien', '', '', 0),
(11111213, 'Irène11111213', 'M$IDZy*L2YF%', 'Eléanore', '', 'Irène', 'p102', '657810102', 'Irène.Eléanore@edu.universite.fr', 1, 'e', 120211, 'physique, francais, maths', '', '', 'oui', 'rien', '', '', 0),
(11111214, 'Jacques11111214', 'C+uS43inn$xY', 'Éline', '', 'Jacques', 'p103', '773860103', 'Jacques.Éline@edu.universite.fr', 1, 'e', 120211, 'anglais, francais, informatique', '', '', 'non', 'rien', '', '', 0),
(11111215, 'Jad11111215', '8Aiw$AvBSJYK', 'Emeline', '', 'Jad', 'p104', '749750104', 'Jad.Emeline@edu.universite.fr', 1, 'e', 120212, 'francais, langue, informatique', '', '', 'oui', 'rien', '', '', 0),
(11111216, 'Jeremy11111216', '%yA8U*d1JWAT', 'Emilio', '', 'Jeremy', 'p105', '740880105', 'Jeremy.Emilio@edu.universite.fr', 1, 'e', 120211, 'francais, informatique, physique', '', '', 'non', 'rien', '', '', 0),
(11111217, 'Jessica11111217', 'VvOrLd8fO%k~', 'Esteban', '', 'Jessica', 'p106', '767430106', 'Jessica.Esteban@edu.universite.fr', 1, 'e', 120212, 'langue, francais, maths', '', '', 'oui', 'rien', '', '', 0),
(11111218, 'Jonathan11111218', 'D2hQTvpE7lF0', 'Fanta', '', 'Jonathan', 'p107', '603490107', 'Jonathan.Fanta@edu.universite.fr', 1, 'e', 120212, 'langue, physique, maths', '', '', 'non', 'rien', '', '', 0),
(11111219, 'Juliette11111219', '7x%E1n23I/FP', 'Félicie', '', 'Juliette', 'p108', '778360108', 'Juliette.Félicie@edu.universite.fr', 1, 'p', 0, 'anglais, maths, physique', '', '', 'non', 'rien', '', '', 0),
(11111220, 'Léandre11111220', 'CW0I*D!ubetI', 'Fleur', '', 'Léandre', 'p109', '600730109', 'Léandre.Fleur@edu.universite.fr', 1, 'e', 120211, 'maths, physique, francais', '', '', 'non', 'rien', '', '', 0),
(11111221, 'Léonie11111221', 'e9xCb*cL:FNe', 'Florian', '', 'Léonie', 'p110', '650710110', 'Léonie.Florian@edu.universite.fr', 1, 'e', 120211, 'physique, francais, maths', '', '', 'non', 'rien', '', '', 0),
(11111222, 'Lilian11111222', 'gK47Yb8ZmyZQ', 'Gabrielle', '', 'Lilian', 'p111', '665380111', 'Lilian.Gabrielle@edu.universite.fr', 1, 'e', 120212, 'maths, physique, langue', '', '', 'oui', 'rien', '', '', 0),
(11111223, 'Lison11111223', 'iU!.Z94Gs5B3', 'Iliane', '', 'Lison', 'p112', '666210112', 'Lison.Iliane@edu.universite.fr', 1, 'e', 120212, 'maths, anglais, langue', '', '', 'non', 'rien', '', '', 0),
(11111224, 'Louison11111224', 'P97r6MD91uWC', 'Irène', '', 'Louison', 'p113', '750710113', 'Louison.Irène@edu.universite.fr', 1, 'e', 120212, 'informatique, langue, francais', '', '', 'oui', 'rien', '', '', 0),
(11111225, 'Mahdi11111225', 'O9/YRYtQVqFp', 'Jason', '', 'Mahdi', 'p114', '651640114', 'Mahdi.Jason@edu.universite.fr', 1, 'e', 120211, 'informatique, physique, maths', '', '', 'non', 'rien', '', '', 0),
(11111226, 'Manon11111226', 'T%8Kh+XUvT%n', 'Léane', '', 'Manon', 'p115', '638580115', 'Manon.Léane@edu.universite.fr', 1, 'e', 120211, 'maths, anglais, francais', '', '', 'oui', 'rien', '', '', 0),
(11111227, 'Mariame11111227', '8%Gnyoytmf?4', 'Leo', '', 'Mariame', 'p116', '788060116', 'Mariame.Leo@edu.universite.fr', 1, 'e', 120212, 'physique, francais, langue', '', '', 'non', 'rien', '', '', 0),
(11111228, 'Marie11111228', 'UbO*5YSEiMG7', 'Loan', '', 'Marie', 'p117', '656170117', 'Marie.Loan@edu.universite.fr', 1, 'e', 120211, 'maths, francais, physique', '', '', 'oui', 'rien', '', '', 0),
(11111229, 'Marley11111229', 'z*.IKA0I&emF', 'Lubin', '', 'Marley', 'p118', '618730118', 'Marley.Lubin@edu.universite.fr', 1, 'p', 0, 'maths, anglais, physique', '', '', 'non', 'rien', '', '', 0),
(11111230, 'Marthe11111230', '2ba2l.HSn-4w', 'Luka', '', 'Marthe', 'p119', '640240119', 'Marthe.Luka@edu.universite.fr', 1, 'e', 120212, 'langue, anglais, maths', '', '', 'non', 'rien', '', '', 0),
(11111231, 'Matteo11111231', 'w!%~oUQ976L9', 'Mahault', '', 'Matteo', 'p120', '672860120', 'Matteo.Mahault@edu.universite.fr', 1, 'e', 120212, 'langue, informatique, anglais', '', '', 'non', 'rien', '', '', 0),
(11111232, 'Maureen11111232', '5M&L4zFmk6s0', 'Marion', '', 'Maureen', 'p121', '697160121', 'Maureen.Marion@edu.universite.fr', 1, 'e', 120211, 'anglais, francais, informatique', '', '', 'non', 'rien', '', '', 0),
(11111233, 'Mélina11111233', 'IgBuq%D.jfUz', 'Matias', '', 'Mélina', 'p122', '724400122', 'Mélina.Matias@edu.universite.fr', 1, 'p', 0, 'physique, maths, langue', '', '', 'non', 'rien', '', '', 0),
(11111234, 'Mohamed-Amine11111234', '/vesl62tclcD', 'Myriam', '', 'Mohamed-Amine', 'p123', '697040123', 'Mohamed-Amine.Myriam@edu.universite.fr', 1, 'e', 120211, 'langue, francais, informatique', '', '', 'non', 'rien', '', '', 0),
(11111235, 'Mohammed11111235', '5EuIu5ph~fCE', 'Noam', '', 'Mohammed', 'p124', '686430124', 'Mohammed.Noam@edu.universite.fr', 1, 'e', 120212, 'langue, anglais, maths', '', '', 'oui', 'rien', '', '', 0),
(11111236, 'Nathanaël11111236', 'OlIFVpA.mvyR', 'Oumar', '', 'Nathanaël', 'p125', '704320125', 'Nathanaël.Oumar@edu.universite.fr', 1, 'e', 120211, 'langue, maths, anglais', '', '', 'oui', 'rien', '', '', 0),
(11111237, 'Ornella11111237', 'dOSq4FSn+pRv', 'Paul-Arthur', '', 'Ornella', 'p126', '742190126', 'Ornella.Paul-Arthur@edu.universite.fr', 1, 'p', 0, 'langue, maths, francais', '', '', 'non', 'rien', '', '', 0),
(11111238, 'Othman11111238', 'XXrCGd5bY9P4', 'Perrine', '', 'Othman', 'p127', '750910127', 'Othman.Perrine@edu.universite.fr', 1, 'e', 120211, 'langue, informatique, physique', '', '', 'oui', 'rien', '', '', 0),
(11111239, 'Owen11111239', 'M4:$.H$i8GLI', 'Ruben', '', 'Owen', 'p128', '774060128', 'Owen.Ruben@edu.universite.fr', 1, 'e', 120211, 'langue, francais, anglais', '', '', 'oui', 'rien', '', '', 0),
(11111240, 'Patricia11111240', 'frUTE%EIW+~G', 'Simon', '', 'Patricia', 'p129', '608560129', 'Patricia.Simon@edu.universite.fr', 1, 'e', 120211, 'physique, francais, maths', '', '', 'oui', 'rien', '', '', 0),
(11111241, 'Paul11111241', '&F-?$bznJQL$', 'Soraya', '', 'Paul', 'p130', '667930130', 'Paul.Soraya@edu.universite.fr', 1, 'p', 0, 'physique, francais, langue', '', '', 'non', 'rien', '', '', 0),
(11111242, 'Pénélope11111242', 'VMFFA3eDvjtm', 'Suzanne', '', 'Pénélope', 'p131', '620300131', 'Pénélope.Suzanne@edu.universite.fr', 1, 'e', 120211, 'anglais, maths, langue', '', '', 'oui', 'rien', '', '', 0),
(11111243, 'Rémi11111243', 'ZPqI*UQjirEl', 'Swann', '', 'Rémi', 'p132', '636440132', 'Rémi.Swann@edu.universite.fr', 1, 'e', 120211, 'informatique, langue, francais', '', '', 'oui', 'rien', '', '', 0),
(11111244, 'Ryad11111244', 'TSVFe1P+b~ig', 'Tesnime', '', 'Ryad', 'p133', '723530133', 'Ryad.Tesnime@edu.universite.fr', 1, 'e', 120212, 'langue, informatique, francais', '', '', 'non', 'rien', '', '', 0),
(11111245, 'Sonia11111245', 'I7O~Pk2TyM4P', 'Théophane', '', 'Sonia', 'p134', '618750134', 'Sonia.Théophane@edu.universite.fr', 1, 'e', 120211, 'anglais, maths, informatique', '', '', 'non', 'rien', '', '', 0),
(11111246, 'Soumaya11111246', '%~v2&+1zU8~r', 'Théophile', '', 'Soumaya', 'p135', '712680135', 'Soumaya.Théophile@edu.universite.fr', 1, 'e', 120211, 'anglais, physique, francais', '', '', 'oui', 'rien', '', '', 0),
(11111247, 'Swann11111247', 'KvESBWcub/x&', 'Zadig', '', 'Swann', 'p136', '736740136', 'Swann.Zadig@edu.universite.fr', 1, 'e', 120212, 'langue, physique, maths', '', '', 'oui', 'rien', '', '', 0),
(11111248, 'Tamara11111248', '9zxer%dLvt.b', 'Zineb', '', 'Tamara', 'p137', '698490137', 'Tamara.Zineb@edu.universite.fr', 1, 'e', 120211, 'langue, francais, informatique', '', '', 'oui', 'rien', '', '', 0),
(11111249, 'Téo11111249', 'xz~A?k7AkdPr', 'Zinedine', '', 'Téo', 'p138', '785400138', 'Téo.Zinedine@edu.universite.fr', 1, 'p', 0, 'langue, anglais, informatique', '', '', 'non', 'rien', '', '', 0),
(11111250, 'Térence11111250', 'dYhRBL8+J3!1', 'Abishan', '', 'Térence', 'p139', '762340139', 'Térence.Abishan@edu.universite.fr', 1, 'e', 120211, 'maths, francais, informatique', '', '', 'oui', 'rien', '', '', 0),
(11111251, 'Thibault11111251', 'edB6-UafYol9', 'Alba', '', 'Thibault', 'p140', '726700140', 'Thibault.Alba@edu.universite.fr', 1, 'e', 120211, 'physique, informatique, francais', '', '', 'oui', 'rien', '', '', 0),
(11111252, 'Tony11111252', 'klPB6Cg4CKQX', 'Alexia', '', 'Tony', 'p141', '634380141', 'Tony.Alexia@edu.universite.fr', 1, 'e', 120211, 'langue, anglais, francais', '', '', 'oui', 'rien', '', '', 0),
(11111253, 'Ulysse11111253', 'Xmfs4+hvZ.FL', 'Aliyah', '', 'Ulysse', 'p142', '682880142', 'Ulysse.Aliyah@edu.universite.fr', 1, 'e', 120211, 'informatique, anglais, maths', '', '', 'oui', 'rien', '', '', 0),
(11111254, 'Yacine11111254', 'vS199BOdpCE3', 'Amadou', '', 'Yacine', 'p143', '763680143', 'Yacine.Amadou@edu.universite.fr', 1, 'e', 120212, 'anglais, physique, francais', '', '', 'oui', 'rien', '', '', 0),
(11111255, 'Yuna11111255', 'Kb0FIVJouk%:', 'Andréa', '', 'Yuna', 'p144', '753800144', 'Yuna.Andréa@edu.universite.fr', 1, 'e', 120211, 'anglais, langue, maths', '', '', 'non', 'rien', '', '', 0),
(11111256, 'Abdallah11111256', 'i/7JnU?W?Px1', 'Andy', '', 'Abdallah', 'p145', '663400145', 'Abdallah.Andy@edu.universite.fr', 1, 'e', 120211, 'langue, anglais, maths', '', '', 'non', 'rien', '', '', 0),
(11111257, 'Abigaël11111257', 'y?yvwYu4ZcE6', 'Anissa', '', 'Abigaël', 'p146', '707110146', 'Abigaël.Anissa@edu.universite.fr', 1, 'e', 120212, 'maths, anglais, informatique', '', '', 'non', 'rien', '', '', 0),
(11111258, 'Allan11111258', 't0:R/SyILR!m', 'Armand', '', 'Allan', 'p147', '606230147', 'Allan.Armand@edu.universite.fr', 1, 'e', 120212, 'maths, informatique, francais', '', '', 'oui', 'rien', '', '', 0),
(11111259, 'Amélia11111259', 'mx/wn3v-rfMP', 'Arthus', '', 'Amélia', 'p148', '688570148', 'Amélia.Arthus@edu.universite.fr', 1, 'e', 120212, 'langue, maths, anglais', '', '', 'oui', 'rien', '', '', 0),
(11111260, 'Amina11111260', 'BX/dm-B:Hpco', 'Aurèle', '', 'Amina', 'p149', '682180149', 'Amina.Aurèle@edu.universite.fr', 1, 'p', 0, 'anglais, informatique, maths', '', '', 'non', 'rien', '', '', 0),
(11111261, 'Anton11111261', 'ZR%F3QmTKx1L', 'Aurélie', '', 'Anton', 'p150', '639520150', 'Anton.Aurélie@edu.universite.fr', 1, 'e', 120212, 'physique, langue, francais', '', '', 'oui', 'rien', '', '', 0),
(11111262, 'Arthur11111262', 'S~1n5H1j9aTv', 'Aya', '', 'Arthur', 'p151', '756850151', 'Arthur.Aya@edu.universite.fr', 1, 'e', 120212, 'anglais, langue, physique', '', '', 'non', 'rien', '', '', 0),
(11111263, 'Axelle11111263', 'LkEBZqDIgp$V', 'Ayden', '', 'Axelle', 'p152', '713320152', 'Axelle.Ayden@edu.universite.fr', 1, 'p', 0, 'physique, maths, langue', '', '', 'non', 'rien', '', '', 0),
(11111264, 'Carolina11111264', 'ZjjiXR+n$&T*', 'Camélia', '', 'Carolina', 'p153', '627770153', 'Carolina.Camélia@edu.universite.fr', 1, 'p', 0, 'maths, informatique, anglais', '', '', 'non', 'rien', '', '', 0),
(11111265, 'Cécilia11111265', 'N!1$BvB&.s&!', 'Charlie', '', 'Cécilia', 'p154', '627310154', 'Cécilia.Charlie@edu.universite.fr', 1, 'e', 120212, 'anglais, informatique, maths', '', '', 'oui', 'rien', '', '', 0),
(11111266, 'Constance11111266', '3umf/G:WyXSW', 'Cheick', '', 'Constance', 'p155', '734060155', 'Constance.Cheick@edu.universite.fr', 1, 'e', 120211, 'physique, informatique, langue', '', '', 'oui', 'rien', '', '', 0),
(11111267, 'Edouard11111267', 'SZM8Ztc!d7M&', 'Christ', '', 'Edouard', 'p156', '617110156', 'Edouard.Christ@edu.universite.fr', 1, 'p', 0, 'informatique, francais, anglais', '', '', 'non', 'rien', '', '', 0),
(11111268, 'Eileen11111268', '-J6HQ%~wgZM8', 'Christina', '', 'Eileen', 'p157', '604640157', 'Eileen.Christina@edu.universite.fr', 1, 'p', 0, 'langue, francais, physique', '', '', 'non', 'rien', '', '', 0),
(11111269, 'Elisa11111269', 'C?5qSLFzCLBm', 'Dimitri', '', 'Elisa', 'p158', '700390158', 'Elisa.Dimitri@edu.universite.fr', 1, 'e', 120211, 'anglais, maths, francais', '', '', 'oui', 'rien', '', '', 0),
(11111270, 'Élisa11111270', '+b~60KBNvJ?f', 'Eden', '', 'Élisa', 'p159', '767830159', 'Élisa.Eden@edu.universite.fr', 1, 'e', 120212, 'physique, langue, maths', '', '', 'non', 'rien', '', '', 0),
(11111271, 'Emile11111271', 'OEZq7SxI9kXT', 'Emile', '', 'Emile', 'p160', '726650160', 'Emile.Emile@edu.universite.fr', 1, 'e', 120212, 'anglais, francais, informatique', '', '', 'oui', 'rien', '', '', 0),
(11111272, 'Emilie11111272', '$VqhGJ7Q3sSc', 'Ernest', '', 'Emilie', 'p161', '613690161', 'Emilie.Ernest@edu.universite.fr', 1, 'e', 120211, 'physique, informatique, francais', '', '', 'non', 'rien', '', '', 0),
(11111273, 'Fanta11111273', 'Xua:+E/Nj5zF', 'Ernestine', '', 'Fanta', 'p162', '733360162', 'Fanta.Ernestine@edu.universite.fr', 1, 'e', 120212, 'physique, maths, langue', '', '', 'non', 'rien', '', '', 0),
(11111274, 'Fatou11111274', 'c8h.cInn5pbR', 'Éthan', '', 'Fatou', 'p163', '681470163', 'Fatou.Éthan@edu.universite.fr', 1, 'e', 120212, 'anglais, maths, informatique', '', '', 'non', 'rien', '', '', 0),
(11111275, 'Félicité11111275', 'WnoTIbQV30Vy', 'Éva', '', 'Félicité', 'p164', '799770164', 'Félicité.Éva@edu.universite.fr', 1, 'e', 120211, 'francais, anglais, physique', '', '', 'non', 'rien', '', '', 0),
(11111276, 'Filip11111276', '4wC*lDb4Lk8W', 'Evann', '', 'Filip', 'p165', '786000165', 'Filip.Evann@edu.universite.fr', 1, 'e', 120212, 'langue, informatique, anglais', '', '', 'oui', 'rien', '', '', 0),
(11111277, 'Gabriel11111277', 'b2~jozAusmTJ', 'Eya', '', 'Gabriel', 'p166', '757870166', 'Gabriel.Eya@edu.universite.fr', 1, 'e', 120211, 'langue, physique, informatique', '', '', 'oui', 'rien', '', '', 0),
(11111278, 'Gaspar11111278', 'W1QNH51M7sQo', 'Georges', '', 'Gaspar', 'p167', '706780167', 'Gaspar.Georges@edu.universite.fr', 1, 'e', 120211, 'physique, maths, informatique', '', '', 'oui', 'rien', '', '', 0),
(11111279, 'Grégoire11111279', '.-283r-vph&v', 'Harry', '', 'Grégoire', 'p168', '698110168', 'Grégoire.Harry@edu.universite.fr', 1, 'e', 120212, 'informatique, langue, physique', '', '', 'non', 'rien', '', '', 0),
(11111280, 'Hana11111280', 'sY$Y96+Pl3CF', 'Henriette', '', 'Hana', 'p169', '612380169', 'Hana.Henriette@edu.universite.fr', 1, 'e', 120211, 'francais, anglais, langue', '', '', 'oui', 'rien', '', '', 0),
(11111281, 'Ibrahim11111281', 'jnzikrsgVf+d', 'Ibrahima', '', 'Ibrahim', 'p170', '624970170', 'Ibrahim.Ibrahima@edu.universite.fr', 1, 'e', 120212, 'physique, maths, anglais', '', '', 'oui', 'rien', '', '', 0),
(11111282, 'Issa11111282', '%ZH%aSxUJCbU', 'Iliane', '', 'Issa', 'p171', '635230171', 'Issa.Iliane@edu.universite.fr', 1, 'p', 0, 'informatique, langue, anglais', '', '', 'non', 'rien', '', '', 0),
(11111283, 'Jade11111283', 'DF9oZawlc~+1', 'Ismaïl', '', 'Jade', 'p172', '730510172', 'Jade.Ismaïl@edu.universite.fr', 1, 'e', 120211, 'langue, maths, physique', '', '', 'oui', 'rien', '', '', 0),
(11111284, 'Jean11111284', 'dYR5x/WGd9ZK', 'Jarod', '', 'Jean', 'p173', '636490173', 'Jean.Jarod@edu.universite.fr', 1, 'e', 120212, 'langue, francais, physique', '', '', 'oui', 'rien', '', '', 0),
(11111285, 'Joakim11111285', '-1boILHF*tY*', 'Joanna', '', 'Joakim', 'p174', '640470174', 'Joakim.Joanna@edu.universite.fr', 1, 'p', 0, 'maths, physique, anglais', '', '', 'non', 'rien', '', '', 0),
(11111286, 'Khadidiatou11111286', 'Y1vr!p1mBnNH', 'Jonas', '', 'Khadidiatou', 'p175', '620830175', 'Khadidiatou.Jonas@edu.universite.fr', 1, 'e', 120212, 'anglais, physique, informatique', '', '', 'oui', 'rien', '', '', 0),
(11111287, 'Lino11111287', '$XbTC-OBOr&?', 'Joud', '', 'Lino', 'p176', '628930176', 'Lino.Joud@edu.universite.fr', 1, 'e', 120212, 'francais, maths, physique', '', '', 'oui', 'rien', '', '', 0),
(11111288, 'Lorenzo11111288', 'b6?01~3tW*YQ', 'Joy', '', 'Lorenzo', 'p177', '732490177', 'Lorenzo.Joy@edu.universite.fr', 1, 'e', 120211, 'francais, maths, informatique', '', '', 'oui', 'rien', '', '', 0),
(11111289, 'Loubna11111289', '/vyzZA+!0EDj', 'Julia', '', 'Loubna', 'p178', '694530178', 'Loubna.Julia@edu.universite.fr', 1, 'e', 120211, 'anglais, langue, maths', '', '', 'non', 'rien', '', '', 0),
(11111290, 'Lubin11111290', 'pp:QP*PxmAy:', 'Juliana', '', 'Lubin', 'p179', '614850179', 'Lubin.Juliana@edu.universite.fr', 1, 'e', 120212, 'maths, francais, anglais', '', '', 'oui', 'rien', '', '', 0),
(11111291, 'Lucile11111291', 'Z?LbbcszfE?o', 'Lea', '', 'Lucile', 'p180', '761820180', 'Lucile.Lea@edu.universite.fr', 1, 'e', 120211, 'anglais, langue, maths', '', '', 'non', 'rien', '', '', 0),
(11111292, 'Maé11111292', 'Usy5o:Co-?0O', 'Levi', '', 'Maé', 'p181', '708790181', 'Maé.Levi@edu.universite.fr', 1, 'e', 120211, 'physique, anglais, informatique', '', '', 'non', 'rien', '', '', 0),
(11111293, 'Maëly11111293', 'G+q?CE0s?t5&', 'Lior', '', 'Maëly', 'p182', '792360182', 'Maëly.Lior@edu.universite.fr', 1, 'e', 120212, 'francais, informatique, maths', '', '', 'non', 'rien', '', '', 0),
(11111294, 'Malick11111294', '!1%9*KQD$0Uf', 'Mahamadou', '', 'Malick', 'p183', '687140183', 'Malick.Mahamadou@edu.universite.fr', 1, 'p', 0, 'maths, informatique, langue', '', '', 'non', 'rien', '', '', 0),
(11111295, 'Marylou11111295', 'A-dibXL9g$vf', 'Mamadou', '', 'Marylou', 'p184', '753070184', 'Marylou.Mamadou@edu.universite.fr', 1, 'e', 120211, 'informatique, maths, francais', '', '', 'non', 'rien', '', '', 0),
(11111296, 'Mathis11111296', '2S/SyCJs-V$Y', 'Manel', '', 'Mathis', 'p185', '698390185', 'Mathis.Manel@edu.universite.fr', 1, 'e', 120211, 'anglais, maths, langue', '', '', 'oui', 'rien', '', '', 0),
(11111297, 'Maya11111297', '.ZkFc3~ll6xS', 'Margaux', '', 'Maya', 'p186', '605370186', 'Maya.Margaux@edu.universite.fr', 1, 'p', 0, 'maths, physique, langue', '', '', 'non', 'rien', '', '', 0),
(11111298, 'Muhammad11111298', 'aDfV11mfcOe:', 'Maya', '', 'Muhammad', 'p187', '699970187', 'Muhammad.Maya@edu.universite.fr', 1, 'e', 120211, 'maths, informatique, langue', '', '', 'non', 'rien', '', '', 0),
(11111299, 'Mya11111299', '!n!ZCuDQEj/Y', 'Maylis', '', 'Mya', 'p188', '681740188', 'Mya.Maylis@edu.universite.fr', 1, 'e', 120212, 'anglais, langue, informatique', '', '', 'oui', 'rien', '', '', 0),
(11111300, 'Naomi11111300', '0uC5O5?zmzzm', 'Mélissa', '', 'Naomi', 'p189', '763180189', 'Naomi.Mélissa@edu.universite.fr', 1, 'e', 120211, 'informatique, langue, physique', '', '', 'non', 'rien', '', '', 0),
(11111301, 'Naomie11111301', 'qN5ul?kjexO.', 'Nathalie', '', 'Naomie', 'p190', '769590190', 'Naomie.Nathalie@edu.universite.fr', 1, 'p', 0, 'informatique, physique, anglais', '', '', 'non', 'rien', '', '', 0),
(11111302, 'Paola11111302', 'wLs?mDiiaF?~', 'Noah', '', 'Paola', 'p191', '651280191', 'Paola.Noah@edu.universite.fr', 1, 'e', 120212, 'physique, langue, francais', '', '', 'oui', 'rien', '', '', 0),
(11111303, 'Paul11111303', 'zLz3u+KMjugT', 'Noor', '', 'Paul', 'p192', '735760192', 'Paul.Noor@edu.universite.fr', 1, 'e', 120212, 'anglais, langue, informatique', '', '', 'non', 'rien', '', '', 0),
(11111304, 'Rafaël11111304', 'ruVAuPK/bOdC', 'Pauline', '', 'Rafaël', 'p193', '703540193', 'Rafaël.Pauline@edu.universite.fr', 1, 'e', 120211, 'informatique, francais, maths', '', '', 'non', 'rien', '', '', 0),
(11111305, 'Rokia11111305', 'bCf9UPmRha.s', 'Philippe', '', 'Rokia', 'p194', '640740194', 'Rokia.Philippe@edu.universite.fr', 1, 'e', 120211, 'francais, langue, anglais', '', '', 'oui', 'rien', '', '', 0),
(11111306, 'Rose11111306', 'tSw%GFLIg/Ri', 'Raphaëlle', '', 'Rose', 'p195', '640210195', 'Rose.Raphaëlle@edu.universite.fr', 1, 'e', 120211, 'francais, langue, anglais', '', '', 'non', 'rien', '', '', 0),
(11111307, 'Sébastien11111307', '.31yW!Yea1z6', 'Rayane', '', 'Sébastien', 'p196', '748800196', 'Sébastien.Rayane@edu.universite.fr', 1, 'e', 120211, 'francais, informatique, maths', '', '', 'non', 'rien', '', '', 0),
(11111308, 'Shayna11111308', 'JE/*mO8H0e37', 'Robin', '', 'Shayna', 'p197', '640170197', 'Shayna.Robin@edu.universite.fr', 1, 'e', 120212, 'anglais, francais, langue', '', '', 'oui', 'rien', '', '', 0),
(11111309, 'Skander11111309', 'rH9T5ZqP6vJF', 'Salem', '', 'Skander', 'p198', '692620198', 'Skander.Salem@edu.universite.fr', 1, 'e', 120212, 'francais, langue, physique', '', '', 'non', 'rien', '', '', 0),
(11111310, 'Solal11111310', 'SC*QmnY0Nsf3', 'Sydney', '', 'Solal', 'p199', '736060199', 'Solal.Sydney@edu.universite.fr', 1, 'e', 120211, 'physique, maths, anglais', '', '', 'non', 'rien', '', '', 0),
(11111311, 'Solène11111311', 'pSw.z4hxInHA', 'Thierno', '', 'Solène', 'p200', '651890200', 'Solène.Thierno@edu.universite.fr', 1, 'e', 120212, 'langue, maths, anglais', '', '', 'oui', 'rien', '', '', 0),
(11111312, 'Téa11111312', 'YlcEEItgah$~', 'Vladimir', '', 'Téa', 'p201', '713820201', 'Téa.Vladimir@edu.universite.fr', 1, 'p', 0, 'maths, langue, informatique', '', '', 'non', 'rien', '', '', 0),
(11111313, 'Théo11111313', '4nows0tn%r:W', 'Aidan', '', 'Théo', 'p202', '762120202', 'Théo.Aidan@edu.universite.fr', 1, 'e', 120211, 'francais, informatique, langue', '', '', 'non', 'rien', '', '', 0),
(11111314, 'Thérèse11111314', 'r~8!SD+PmjTF', 'Aimée', '', 'Thérèse', 'p203', '707890203', 'Thérèse.Aimée@edu.universite.fr', 1, 'e', 120211, 'maths, physique, informatique', '', '', 'non', 'rien', '', '', 0),
(11111315, 'Valentin11111315', 'i!ai.PRn8bBu', 'Aïssa', '', 'Valentin', 'p204', '784600204', 'Valentin.Aïssa@edu.universite.fr', 1, 'p', 0, 'informatique, maths, anglais', '', '', 'non', 'rien', '', '', 0),
(11111316, 'Yazid11111316', '9EY5kgm4Uhwj', 'Alix', '', 'Yazid', 'p205', '637320205', 'Yazid.Alix@edu.universite.fr', 1, 'p', 0, 'physique, maths, langue', '', '', 'non', 'rien', '', '', 0),
(11111317, 'Ysée11111317', '/E9*dHlS~WHX', 'Aliyah', '', 'Ysée', 'p206', '620480206', 'Ysée.Aliyah@edu.universite.fr', 1, 'e', 120212, 'anglais, langue, francais', '', '', 'non', 'rien', '', '', 0),
(11111318, 'Aïssata11111318', 'eQA5YmYkB2%v', 'Ambroise', '', 'Aïssata', 'p207', '671100207', 'Aïssata.Ambroise@edu.universite.fr', 1, 'p', 0, 'anglais, francais, maths', '', '', 'non', 'rien', '', '', 0),
(11111319, 'Alain11111319', 'H+Zxg/Aa5Fcn', 'Aminata', '', 'Alain', 'p208', '756380208', 'Alain.Aminata@edu.universite.fr', 1, 'e', 120212, 'physique, anglais, francais', '', '', 'oui', 'rien', '', '', 0),
(11111320, 'Alia11111320', 'T07LZDBuoeiw', 'Andréa', '', 'Alia', 'p209', '720580209', 'Alia.Andréa@edu.universite.fr', 1, 'e', 120212, 'maths, francais, anglais', '', '', 'non', 'rien', '', '', 0),
(11111321, 'Amaury11111321', '-W*ici~gQS7j', 'Angelo', '', 'Amaury', 'p210', '697490210', 'Amaury.Angelo@edu.universite.fr', 1, 'e', 120211, 'physique, informatique, francais', '', '', 'oui', 'rien', '', '', 0),
(11111322, 'Amine11111322', 'KiKwik4/jQLt', 'Armance', '', 'Amine', 'p211', '739290211', 'Amine.Armance@edu.universite.fr', 1, 'e', 120211, 'langue, informatique, physique', '', '', 'oui', 'rien', '', '', 0),
(11111323, 'Anaelle11111323', 'p9EF!W4g03f&', 'Castille', '', 'Anaelle', 'p212', '763530212', 'Anaelle.Castille@edu.universite.fr', 1, 'e', 120211, 'langue, francais, informatique', '', '', 'oui', 'rien', '', '', 0),
(11111324, 'Anaïs11111324', '6Ygw&p%fJWC*', 'Chiara', '', 'Anaïs', 'p213', '616490213', 'Anaïs.Chiara@edu.universite.fr', 1, 'e', 120212, 'francais, maths, informatique', '', '', 'oui', 'rien', '', '', 0),
(11111325, 'Anatole11111325', 'H:br+76rsDyO', 'Clarisse', '', 'Anatole', 'p214', '766770214', 'Anatole.Clarisse@edu.universite.fr', 1, 'e', 120211, 'informatique, langue, anglais', '', '', 'non', 'rien', '', '', 0),
(11111326, 'Anne-Laure11111326', 'P$LIQ3vo~DaZ', 'Clotilde', '', 'Anne-Laure', 'p215', '600170215', 'Anne-Laure.Clotilde@edu.universite.fr', 1, 'p', 0, 'francais, informatique, anglais', '', '', 'non', 'rien', '', '', 0),
(11111327, 'Antony11111327', '-voS+-IYxt!%', 'Dario', '', 'Antony', 'p216', '775780216', 'Antony.Dario@edu.universite.fr', 1, 'e', 120211, 'maths, anglais, langue', '', '', 'non', 'rien', '', '', 0),
(11111328, 'Aurélia11111328', 'gw5+doXV2vT~', 'Elodie', '', 'Aurélia', 'p217', '656860217', 'Aurélia.Elodie@edu.universite.fr', 1, 'e', 120211, 'francais, maths, physique', '', '', 'oui', 'rien', '', '', 0),
(11111329, 'Aziz11111329', 'H:8gV38~ytVy', 'Éloi', '', 'Aziz', 'p218', '794870218', 'Aziz.Éloi@edu.universite.fr', 1, 'p', 0, 'anglais, francais, langue', '', '', 'non', 'rien', '', '', 0),
(11111330, 'Basile11111330', ':MX6vhGLIGy?', 'Emir', '', 'Basile', 'p219', '723130219', 'Basile.Emir@edu.universite.fr', 1, 'e', 120212, 'physique, anglais, maths', '', '', 'oui', 'rien', '', '', 0),
(11111331, 'Cécile11111331', 'US*6Qzz&DsBy', 'Eugénie', '', 'Cécile', 'p220', '738740220', 'Cécile.Eugénie@edu.universite.fr', 1, 'e', 120211, 'anglais, maths, francais', '', '', 'non', 'rien', '', '', 0),
(11111332, 'Coralie11111332', 'CgaI?cp~~TNW', 'Ewen', '', 'Coralie', 'p221', '767210221', 'Coralie.Ewen@edu.universite.fr', 1, 'p', 0, 'anglais, maths, langue', '', '', 'non', 'rien', '', '', 0),
(11111333, 'Emmie11111333', 'l5?hM9FnQG2E', 'Gabriele', '', 'Emmie', 'p222', '613790222', 'Emmie.Gabriele@edu.universite.fr', 1, 'e', 120211, 'anglais, maths, physique', '', '', 'non', 'rien', '', '', 0),
(11111334, 'Ethel11111334', 'JCj7*5.H*f45', 'Gaëtan', '', 'Ethel', 'p223', '625320223', 'Ethel.Gaëtan@edu.universite.fr', 1, 'p', 0, 'langue, maths, physique', '', '', 'non', 'rien', '', '', 0),
(11111335, 'Franck11111335', '2ODS9y$mlpJM', 'Gary', '', 'Franck', 'p224', '728850224', 'Franck.Gary@edu.universite.fr', 1, 'e', 120212, 'informatique, anglais, physique', '', '', 'non', 'rien', '', '', 0),
(11111336, 'Gabriel11111336', '8oeo1ftIfya8', 'George', '', 'Gabriel', 'p225', '662640225', 'Gabriel.George@edu.universite.fr', 1, 'e', 120212, 'francais, physique, anglais', '', '', 'non', 'rien', '', '', 0),
(11111337, 'Gaïa11111337', '?NKw&m/6Ew6O', 'Georges', '', 'Gaïa', 'p226', '792920226', 'Gaïa.Georges@edu.universite.fr', 1, 'e', 120211, 'maths, physique, anglais', '', '', 'oui', 'rien', '', '', 0),
(11111338, 'George11111338', 'M:?k1k43Fi/?', 'Hafsa', '', 'George', 'p227', '688040227', 'George.Hafsa@edu.universite.fr', 1, 'e', 120211, 'langue, physique, informatique', '', '', 'non', 'rien', '', '', 0),
(11111339, 'Hadrien11111339', 'Ve1v$Xm$Q$TY', 'Henri', '', 'Hadrien', 'p228', '782500228', 'Hadrien.Henri@edu.universite.fr', 1, 'e', 120212, 'francais, anglais, maths', '', '', 'oui', 'rien', '', '', 0),
(11111340, 'Hedi11111340', 'fa:vClxUqJ2k', 'Isabelle', '', 'Hedi', 'p229', '754650229', 'Hedi.Isabelle@edu.universite.fr', 1, 'e', 120211, 'langue, informatique, francais', '', '', 'non', 'rien', '', '', 0),
(11111341, 'Hélène11111341', 'Dl!HKE8B-Snn', 'Jane', '', 'Hélène', 'p230', '679910230', 'Hélène.Jane@edu.universite.fr', 1, 'e', 120211, 'anglais, maths, physique', '', '', 'oui', 'rien', '', '', 0),
(11111342, 'Héloïse11111342', 'xqLs4.3x4.4c', 'Janna', '', 'Héloïse', 'p231', '722350231', 'Héloïse.Janna@edu.universite.fr', 1, 'e', 120211, 'francais, physique, langue', '', '', 'oui', 'rien', '', '', 0),
(11111343, 'Hicham11111343', 'G&x%Fshx$yQA', 'Jessim', '', 'Hicham', 'p232', '776940232', 'Hicham.Jessim@edu.universite.fr', 1, 'e', 120212, 'anglais, physique, maths', '', '', 'non', 'rien', '', '', 0),
(11111344, 'Inès11111344', '!BDLl*v7&/ML', 'Johann', '', 'Inès', 'p233', '687980233', 'Inès.Johann@edu.universite.fr', 1, 'e', 120212, 'physique, francais, informatique', '', '', 'oui', 'rien', '', '', 0),
(11111345, 'Ismael11111345', '+Y495CV6eU$&', 'Julien', '', 'Ismael', 'p234', '767950234', 'Ismael.Julien@edu.universite.fr', 1, 'e', 120212, 'physique, anglais, maths', '', '', 'non', 'rien', '', '', 0),
(11111346, 'Israël11111346', 'GLeL8$iacyr&', 'Juliette', '', 'Israël', 'p235', '673240235', 'Israël.Juliette@edu.universite.fr', 1, 'e', 120211, 'maths, anglais, informatique', '', '', 'oui', 'rien', '', '', 0),
(11111347, 'Izia11111347', 'LG/Uv8C9hI$1', 'Kendrick', '', 'Izia', 'p236', '792240236', 'Izia.Kendrick@edu.universite.fr', 1, 'p', 0, 'physique, francais, maths', '', '', 'non', 'rien', '', '', 0),
(11111348, 'Jordan11111348', 'BqREscic%Y-6', 'Laura', '', 'Jordan', 'p237', '768500237', 'Jordan.Laura@edu.universite.fr', 1, 'e', 120212, 'informatique, physique, francais', '', '', 'oui', 'rien', '', '', 0),
(11111349, 'Joshua11111349', 'h&oWSB!WZ70!', 'Leïla', '', 'Joshua', 'p238', '665800238', 'Joshua.Leïla@edu.universite.fr', 1, 'p', 0, 'physique, francais, maths', '', '', 'non', 'rien', '', '', 0),
(11111350, 'Kenza11111350', 'xT4uT&8Bbm4P', 'Leonor', '', 'Kenza', 'p239', '776460239', 'Kenza.Leonor@edu.universite.fr', 1, 'e', 120211, 'physique, francais, anglais', '', '', 'non', 'rien', '', '', 0),
(11111351, 'Kevin11111351', 'Fk8A~!Z%&:aY', 'Loane', '', 'Kevin', 'p240', '780610240', 'Kevin.Loane@edu.universite.fr', 1, 'e', 120212, 'anglais, maths, informatique', '', '', 'oui', 'rien', '', '', 0),
(11111352, 'Kiara11111352', '?-MsR551O53$', 'Lola', '', 'Kiara', 'p241', '649210241', 'Kiara.Lola@edu.universite.fr', 1, 'e', 120211, 'maths, francais, informatique', '', '', 'non', 'rien', '', '', 0),
(11111353, 'Leïna11111353', '00LEBdbLnhz&', 'Loup', '', 'Leïna', 'p242', '690990242', 'Leïna.Loup@edu.universite.fr', 1, 'p', 0, 'informatique, physique, langue', '', '', 'non', 'rien', '', '', 0),
(11111354, 'Lily-Rose11111354', '8y5T2zh?+waW', 'Luca', '', 'Lily-Rose', 'p243', '755000243', 'Lily-Rose.Luca@edu.universite.fr', 1, 'e', 120212, 'langue, francais, physique', '', '', 'oui', 'rien', '', '', 0),
(11111355, 'Lindsay11111355', 'mp-c8EPH:!IL', 'Luce', '', 'Lindsay', 'p244', '695210244', 'Lindsay.Luce@edu.universite.fr', 1, 'p', 0, 'francais, maths, physique', '', '', 'non', 'rien', '', '', 0);
INSERT INTO `users` (`idUser`, `Login`, `MotDePasse`, `Nom`, `NomEpouse`, `Prénom`, `Photo`, `Téléphone`, `Mail`, `idEtablissement`, `Role`, `promo`, `InscriptionMatiere`, `InscriptionPeda`, `InfoPrivee`, `InfoRedoublement`, `Perqonnalisation`, `Data`, `Historique`, `Drapeau`) VALUES
(11111356, 'Maïa11111356', 'p*jx+a+ABW3A', 'Maissa', '', 'Maïa', 'p245', '720000245', 'Maïa.Maissa@edu.universite.fr', 1, 'e', 120211, 'francais, physique, informatique', '', '', 'oui', 'rien', '', '', 0),
(11111357, 'Maÿlis11111357', '-~$.opQENL34', 'Matteo', '', 'Maÿlis', 'p246', '759730246', 'Maÿlis.Matteo@edu.universite.fr', 1, 'e', 120211, 'maths, physique, anglais', '', '', 'non', 'rien', '', '', 0),
(11111358, 'Melissa11111358', '9R.nm-gxvE2:', 'Mélina', '', 'Melissa', 'p247', '772200247', 'Melissa.Mélina@edu.universite.fr', 1, 'e', 120211, 'informatique, physique, francais', '', '', 'oui', 'rien', '', '', 0),
(11111359, 'Milo11111359', '0VE5/F:rBZrH', 'Moulay', '', 'Milo', 'p248', '611600248', 'Milo.Moulay@edu.universite.fr', 1, 'p', 0, 'informatique, anglais, maths', '', '', 'non', 'rien', '', '', 0),
(11111360, 'Nine11111360', 'bmX2tFMxjJH8', 'Myriam', '', 'Nine', 'p249', '631230249', 'Nine.Myriam@edu.universite.fr', 1, 'e', 120211, 'physique, maths, anglais', '', '', 'non', 'rien', '', '', 0),
(11111361, 'Noham11111361', 'dPxJ5~Zv$rTU', 'Naël', '', 'Noham', 'p250', '613040250', 'Noham.Naël@edu.universite.fr', 1, 'e', 120211, 'physique, informatique, maths', '', '', 'non', 'rien', '', '', 0),
(11111362, 'Olympe11111362', '1s0lge&Q9cDS', 'Nino', '', 'Olympe', 'p251', '780720251', 'Olympe.Nino@edu.universite.fr', 1, 'e', 120211, 'langue, anglais, physique', '', '', 'non', 'rien', '', '', 0),
(11111363, 'Philippe11111363', 'O4d-&D$FYUAk', 'Noor', '', 'Philippe', 'p252', '613700252', 'Philippe.Noor@edu.universite.fr', 1, 'p', 0, 'langue, francais, informatique', '', '', 'non', 'rien', '', '', 0),
(11111364, 'Sandra11111364', '2a%0/&rp&?7~', 'Nour', '', 'Sandra', 'p253', '754480253', 'Sandra.Nour@edu.universite.fr', 1, 'p', 0, 'maths, anglais, physique', '', '', 'non', 'rien', '', '', 0),
(11111365, 'Sarah11111365', 'C7i$XbRvvaeL', 'Nourane', '', 'Sarah', 'p254', '684560254', 'Sarah.Nourane@edu.universite.fr', 1, 'e', 120212, 'maths, informatique, physique', '', '', 'oui', 'rien', '', '', 0),
(11111366, 'Soren11111366', 'a&7gcoK8iW?p', 'Pablo', '', 'Soren', 'p255', '607180255', 'Soren.Pablo@edu.universite.fr', 1, 'p', 0, 'francais, physique, informatique', '', '', 'non', 'rien', '', '', 0),
(11111367, 'Souleymane11111367', 'W.cuCZrbVO4f', 'Ramy', '', 'Souleymane', 'p256', '668710256', 'Souleymane.Ramy@edu.universite.fr', 1, 'e', 120212, 'informatique, langue, francais', '', '', 'non', 'rien', '', '', 0),
(11111368, 'Suzie11111368', '5NP3IapeMCjc', 'Serena', '', 'Suzie', 'p257', '616710257', 'Suzie.Serena@edu.universite.fr', 1, 'p', 0, 'langue, francais, anglais', '', '', 'non', 'rien', '', '', 0),
(11111369, 'Timothé11111369', 'BJ0:%H3qAYD9', 'Shirel', '', 'Timothé', 'p258', '727070258', 'Timothé.Shirel@edu.universite.fr', 1, 'e', 120211, 'physique, informatique, francais', '', '', 'non', 'rien', '', '', 0),
(11111370, 'Aïda11111370', '21Rou*!KTQA5', 'Sofiane', '', 'Aïda', 'p259', '775190259', 'Aïda.Sofiane@edu.universite.fr', 1, 'e', 120212, 'maths, physique, anglais', '', '', 'non', 'rien', '', '', 0),
(11111371, 'Aïssata11111371', 'joHHXCPu*HtV', 'Sofya', '', 'Aïssata', 'p260', '661800260', 'Aïssata.Sofya@edu.universite.fr', 1, 'e', 120211, 'langue, francais, anglais', '', '', 'oui', 'rien', '', '', 0),
(11111372, 'Aksel11111372', '8wnExXAOEUxx', 'Soline', '', 'Aksel', 'p261', '723590261', 'Aksel.Soline@edu.universite.fr', 1, 'e', 120212, 'francais, informatique, maths', '', '', 'non', 'rien', '', '', 0),
(11111373, 'Amélie11111373', 'E?J*9:yU3up:', 'Ulysse', '', 'Amélie', 'p262', '611060262', 'Amélie.Ulysse@edu.universite.fr', 1, 'e', 120211, 'anglais, francais, informatique', '', '', 'oui', 'rien', '', '', 0),
(11111374, 'Anya11111374', 'sPXxfnNar8YA', 'Zoë', '', 'Anya', 'p263', '620790263', 'Anya.Zoë@edu.universite.fr', 1, 'e', 120211, 'francais, maths, langue', '', '', 'non', 'rien', '', '', 0),
(11111375, 'Audrey11111375', 'gVjR0QwFhJBE', 'Abdoulaye', '', 'Audrey', 'p264', '662750264', 'Audrey.Abdoulaye@edu.universite.fr', 1, 'e', 120211, 'francais, informatique, maths', '', '', 'non', 'rien', '', '', 0),
(11111376, 'Aurélien11111376', '&/4WvQd.x~3r', 'Aboubacar', '', 'Aurélien', 'p265', '686590265', 'Aurélien.Aboubacar@edu.universite.fr', 1, 'p', 0, 'anglais, maths, langue', '', '', 'non', 'rien', '', '', 0),
(11111377, 'Bintou11111377', 'qI9JndmEMv?J', 'Adrien', '', 'Bintou', 'p266', '747910266', 'Bintou.Adrien@edu.universite.fr', 1, 'p', 0, 'anglais, maths, langue', '', '', 'non', 'rien', '', '', 0),
(11111378, 'Cécilia11111378', 'Ri*+Ew%bELSa', 'Agnès', '', 'Cécilia', 'p267', '706760267', 'Cécilia.Agnès@edu.universite.fr', 1, 'e', 120212, 'anglais, physique, langue', '', '', 'non', 'rien', '', '', 0),
(11111379, 'Charline11111379', 'LNTOr:MdmAsz', 'Aimé', '', 'Charline', 'p268', '717390268', 'Charline.Aimé@edu.universite.fr', 1, 'p', 0, 'informatique, maths, physique', '', '', 'non', 'rien', '', '', 0),
(11111380, 'Chiara11111380', 'DPd:G2FoC!JG', 'Amalia', '', 'Chiara', 'p269', '706780269', 'Chiara.Amalia@edu.universite.fr', 1, 'p', 0, 'langue, francais, maths', '', '', 'non', 'rien', '', '', 0),
(11111381, 'Chris11111381', '5$o/ATpi&VOl', 'Astrid', '', 'Chris', 'p270', '730750270', 'Chris.Astrid@edu.universite.fr', 1, 'p', 0, 'francais, langue, anglais', '', '', 'non', 'rien', '', '', 0),
(11111382, 'Ela11111382', '$ySgP~JQd~Ur', 'Athénaïs', '', 'Ela', 'p271', '771330271', 'Ela.Athénaïs@edu.universite.fr', 1, 'p', 0, 'physique, maths, anglais', '', '', 'non', 'rien', '', '', 0),
(11111383, 'Elyes11111383', 'Lt.ObUe+ALGY', 'Ayana', '', 'Elyes', 'p272', '680020272', 'Elyes.Ayana@edu.universite.fr', 1, 'e', 120211, 'francais, maths, informatique', '', '', 'non', 'rien', '', '', 0),
(11111384, 'Gabriel11111384', '$c/Kn8OVx$wO', 'Bilal', '', 'Gabriel', 'p273', '751160273', 'Gabriel.Bilal@edu.universite.fr', 1, 'e', 120212, 'informatique, physique, maths', '', '', 'oui', 'rien', '', '', 0),
(11111385, 'Gautier11111385', 'gx3-4wzjgVeh', 'Bilel', '', 'Gautier', 'p274', '736550274', 'Gautier.Bilel@edu.universite.fr', 1, 'e', 120211, 'anglais, informatique, maths', '', '', 'non', 'rien', '', '', 0),
(11111386, 'Goundo11111386', '!0lcUYziJHo4', 'Chahine', '', 'Goundo', 'p275', '669180275', 'Goundo.Chahine@edu.universite.fr', 1, 'e', 120212, 'langue, anglais, maths', '', '', 'oui', 'rien', '', '', 0),
(11111387, 'Grégoire11111387', '?&ndg0US~4$c', 'Colin', '', 'Grégoire', 'p276', '774570276', 'Grégoire.Colin@edu.universite.fr', 1, 'e', 120212, 'physique, anglais, maths', '', '', 'oui', 'rien', '', '', 0),
(11111388, 'Harouna11111388', 'ZQQSWf$:hi?7', 'Diego', '', 'Harouna', 'p277', '793240277', 'Harouna.Diego@edu.universite.fr', 1, 'e', 120212, 'physique, maths, langue', '', '', 'non', 'rien', '', '', 0),
(11111389, 'Ian11111389', 'J5-dCMy/Z+Fj', 'El', '', 'Ian', 'p278', '793670278', 'Ian.El@edu.universite.fr', 1, 'e', 120212, 'anglais, maths, informatique', '', '', 'non', 'rien', '', '', 0),
(11111390, 'Ilyès11111390', 'WSsoePQo7s.W', 'Émile', '', 'Ilyès', 'p279', '611370279', 'Ilyès.Émile@edu.universite.fr', 1, 'e', 120212, 'anglais, langue, informatique', '', '', 'non', 'rien', '', '', 0),
(11111391, 'Imad11111391', 'j*i?8YMATNLv', 'Ernest', '', 'Imad', 'p280', '634340280', 'Imad.Ernest@edu.universite.fr', 1, 'p', 0, 'anglais, informatique, maths', '', '', 'non', 'rien', '', '', 0),
(11111392, 'Irène11111392', 'c4jAP?U32KH5', 'Flavio', '', 'Irène', 'p281', '676200281', 'Irène.Flavio@edu.universite.fr', 1, 'e', 120211, 'maths, physique, francais', '', '', 'non', 'rien', '', '', 0),
(11111393, 'Jibril11111393', 'LVnCEr*H+X+4', 'Frida', '', 'Jibril', 'p282', '743000282', 'Jibril.Frida@edu.universite.fr', 1, 'e', 120211, 'langue, physique, anglais', '', '', 'oui', 'rien', '', '', 0),
(11111394, 'Joe11111394', 'B7&:%:dv~dJw', 'Giulian', '', 'Joe', 'p283', '755420283', 'Joe.Giulian@edu.universite.fr', 1, 'e', 120211, 'francais, anglais, langue', '', '', 'non', 'rien', '', '', 0),
(11111395, 'Kiara11111395', 'RLHMudTxwJeZ', 'Hania', '', 'Kiara', 'p284', '721030284', 'Kiara.Hania@edu.universite.fr', 1, 'e', 120212, 'anglais, informatique, maths', '', '', 'non', 'rien', '', '', 0),
(11111396, 'Laetitia11111396', 's6XS*9&/vJ?Q', 'Harry', '', 'Laetitia', 'p285', '605200285', 'Laetitia.Harry@edu.universite.fr', 1, 'p', 0, 'maths, francais, langue', '', '', 'non', 'rien', '', '', 0),
(11111397, 'Lamine11111397', 'poFES?d%avxA', 'Jassim', '', 'Lamine', 'p286', '616700286', 'Lamine.Jassim@edu.universite.fr', 1, 'e', 120212, 'langue, francais, physique', '', '', 'oui', 'rien', '', '', 0),
(11111398, 'Lana11111398', '+.XJdn~r!j8f', 'Jérémie', '', 'Lana', 'p287', '647000287', 'Lana.Jérémie@edu.universite.fr', 1, 'e', 120212, 'francais, anglais, maths', '', '', 'oui', 'rien', '', '', 0),
(11111399, 'Lili-Rose11111399', 'acoV5$DeQA6:', 'Johan', '', 'Lili-Rose', 'p288', '767620288', 'Lili-Rose.Johan@edu.universite.fr', 1, 'e', 120211, 'physique, langue, francais', '', '', 'non', 'rien', '', '', 0),
(11111400, 'Linda11111400', 'o~1THl6.ukpj', 'Joshua', '', 'Linda', 'p289', '768270289', 'Linda.Joshua@edu.universite.fr', 1, 'p', 0, 'physique, informatique, francais', '', '', 'non', 'rien', '', '', 0),
(11111401, 'Lior11111401', 'DH03y09?Xy-y', 'Kadiatou', '', 'Lior', 'p290', '766440290', 'Lior.Kadiatou@edu.universite.fr', 1, 'p', 0, 'maths, francais, langue', '', '', 'non', 'rien', '', '', 0),
(11111402, 'Lola11111402', 'an&$WgZKSN-9', 'Killian', '', 'Lola', 'p291', '670340291', 'Lola.Killian@edu.universite.fr', 1, 'p', 0, 'informatique, maths, francais', '', '', 'non', 'rien', '', '', 0),
(11111403, 'Luce11111403', 'WU!Dg8CftFf~', 'Leila', '', 'Luce', 'p292', '655820292', 'Luce.Leila@edu.universite.fr', 1, 'e', 120212, 'maths, langue, informatique', '', '', 'non', 'rien', '', '', 0),
(11111404, 'Ludmila11111404', 'naMT7ryvzGH!', 'Leyna', '', 'Ludmila', 'p293', '798320293', 'Ludmila.Leyna@edu.universite.fr', 1, 'e', 120211, 'anglais, langue, maths', '', '', 'non', 'rien', '', '', 0),
(11111405, 'Maëlys11111405', 'TTKDjwZZhmx7', 'Liz', '', 'Maëlys', 'p294', '768520294', 'Maëlys.Liz@edu.universite.fr', 1, 'e', 120211, 'informatique, langue, francais', '', '', 'oui', 'rien', '', '', 0),
(11111406, 'Malak11111406', 'RsLOVwboToi%', 'Lucas', '', 'Malak', 'p295', '791750295', 'Malak.Lucas@edu.universite.fr', 1, 'e', 120211, 'langue, francais, physique', '', '', 'non', 'rien', '', '', 0),
(11111407, 'Marco11111407', 'iU+1QBxlW&5Q', 'Lucy', '', 'Marco', 'p296', '703370296', 'Marco.Lucy@edu.universite.fr', 1, 'e', 120212, 'maths, physique, informatique', '', '', 'non', 'rien', '', '', 0),
(11111408, 'Marianne11111408', '08g**VVf%p-V', 'Malak', '', 'Marianne', 'p297', '621020297', 'Marianne.Malak@edu.universite.fr', 1, 'e', 120211, 'francais, physique, maths', '', '', 'non', 'rien', '', '', 0),
(11111409, 'Marilou11111409', 'RqFF~E*EBrsm', 'Manil', '', 'Marilou', 'p298', '629120298', 'Marilou.Manil@edu.universite.fr', 1, 'e', 120212, 'maths, anglais, francais', '', '', 'oui', 'rien', '', '', 0),
(11111410, 'Marley11111410', '8hB?oDKXDYpu', 'Mathilde', '', 'Marley', 'p299', '606640299', 'Marley.Mathilde@edu.universite.fr', 1, 'e', 120211, 'maths, physique, langue', '', '', 'non', 'rien', '', '', 0),
(11111411, 'Marvin11111411', 't3f4naaUl7YD', 'Maxence', '', 'Marvin', 'p300', '603680300', 'Marvin.Maxence@edu.universite.fr', 1, 'p', 0, 'informatique, maths, langue', '', '', 'non', 'rien', '', '', 0),
(11111412, 'Matis11111412', 'IflQ$umldBZ.', 'Mayssa', '', 'Matis', 'p301', '729600301', 'Matis.Mayssa@edu.universite.fr', 1, 'e', 120212, 'maths, francais, anglais', '', '', 'non', 'rien', '', '', 0),
(11111413, 'Maxine11111413', '9DC0UN/-TdY7', 'Mila', '', 'Maxine', 'p302', '621850302', 'Maxine.Mila@edu.universite.fr', 1, 'e', 120212, 'physique, francais, langue', '', '', 'non', 'rien', '', '', 0),
(11111414, 'Monica11111414', '3UvQO&S:uiet', 'Naomie', '', 'Monica', 'p303', '621930303', 'Monica.Naomie@edu.universite.fr', 1, 'e', 120212, 'langue, anglais, physique', '', '', 'non', 'rien', '', '', 0),
(11111415, 'Morgan11111415', '+0R:BRDK7kqH', 'Nicole', '', 'Morgan', 'p304', '617140304', 'Morgan.Nicole@edu.universite.fr', 1, 'e', 120212, 'francais, maths, informatique', '', '', 'oui', 'rien', '', '', 0),
(11111416, 'Neil11111416', 'LD*3dckptdrI', 'Nils', '', 'Neil', 'p305', '791950305', 'Neil.Nils@edu.universite.fr', 1, 'e', 120212, 'physique, langue, anglais', '', '', 'oui', 'rien', '', '', 0),
(11111417, 'Oumar11111417', '3:Z4YxzKR6!d', 'Nino', '', 'Oumar', 'p306', '701170306', 'Oumar.Nino@edu.universite.fr', 1, 'e', 120212, 'anglais, physique, informatique', '', '', 'non', 'rien', '', '', 0),
(11111418, 'Réda11111418', 'u.X*K?7Hc!Pg', 'Noa', '', 'Réda', 'p307', '796770307', 'Réda.Noa@edu.universite.fr', 1, 'e', 120212, 'informatique, langue, maths', '', '', 'oui', 'rien', '', '', 0),
(11111419, 'Scarlett11111419', 'y!QWv:krv46V', 'Patricia', '', 'Scarlett', 'p308', '747910308', 'Scarlett.Patricia@edu.universite.fr', 1, 'p', 0, 'informatique, maths, physique', '', '', 'non', 'rien', '', '', 0),
(11111420, 'Sean11111420', 'OtDP-12Xd%vg', 'Ryan', '', 'Sean', 'p309', '784530309', 'Sean.Ryan@edu.universite.fr', 1, 'e', 120212, 'physique, langue, anglais', '', '', 'non', 'rien', '', '', 0),
(11111421, 'Sélène11111421', 'KmgEZq55FZ&!', 'Salim', '', 'Sélène', 'p310', '635370310', 'Sélène.Salim@edu.universite.fr', 1, 'e', 120211, 'informatique, anglais, langue', '', '', 'non', 'rien', '', '', 0),
(11111422, 'Shaïna11111422', '9crIEQLeE6E5', 'Sara', '', 'Shaïna', 'p311', '692310311', 'Shaïna.Sara@edu.universite.fr', 1, 'p', 0, 'francais, informatique, langue', '', '', 'non', 'rien', '', '', 0),
(11111423, 'Sixtine11111423', '7q~L%fEay+DI', 'Serena', '', 'Sixtine', 'p312', '794270312', 'Sixtine.Serena@edu.universite.fr', 1, 'e', 120211, 'informatique, francais, maths', '', '', 'oui', 'rien', '', '', 0),
(11111424, 'Syrine11111424', 'xcq-6r6lQQa.', 'Shay', '', 'Syrine', 'p313', '608480313', 'Syrine.Shay@edu.universite.fr', 1, 'e', 120211, 'francais, maths, anglais', '', '', 'oui', 'rien', '', '', 0),
(11111425, 'Tessa11111425', '2p42.PlM$4OJ', 'Thomas', '', 'Tessa', 'p314', '797490314', 'Tessa.Thomas@edu.universite.fr', 1, 'e', 120211, 'informatique, langue, maths', '', '', 'non', 'rien', '', '', 0),
(11111426, 'Tina11111426', 'tlWWlC?bZ:gM', 'Tony', '', 'Tina', 'p315', '737020315', 'Tina.Tony@edu.universite.fr', 1, 'e', 120211, 'informatique, anglais, langue', '', '', 'non', 'rien', '', '', 0),
(11111427, 'Tsipora11111427', '$ailV?%XIp3n', 'Xavier', '', 'Tsipora', 'p316', '741400316', 'Tsipora.Xavier@edu.universite.fr', 1, 'p', 0, 'anglais, physique, langue', '', '', 'non', 'rien', '', '', 0),
(11111428, 'Aaron11111428', 'HQwrCHk?~F1%', 'Adil', '', 'Aaron', 'p317', '772970317', 'Aaron.Adil@edu.universite.fr', 1, 'e', 120212, 'maths, francais, informatique', '', '', 'non', 'rien', '', '', 0),
(11111429, 'Alessia11111429', 'izX5e/j98jsW', 'Aïssata', '', 'Alessia', 'p318', '677310318', 'Alessia.Aïssata@edu.universite.fr', 1, 'e', 120211, 'langue, maths, informatique', '', '', 'oui', 'rien', '', '', 0),
(11111430, 'Amara11111430', 'f*6f7dDWZsB5', 'Alice', '', 'Amara', 'p319', '693910319', 'Amara.Alice@edu.universite.fr', 1, 'e', 120212, 'maths, anglais, francais', '', '', 'oui', 'rien', '', '', 0),
(11111431, 'Amélie11111431', '*Q2.:5sEwedt', 'Aloïs', '', 'Amélie', 'p320', '757640320', 'Amélie.Aloïs@edu.universite.fr', 1, 'e', 120211, 'maths, langue, informatique', '', '', 'non', 'rien', '', '', 0),
(11111432, 'Angélina11111432', 'Yvl.%lxa:f60', 'Anatole', '', 'Angélina', 'p321', '791520321', 'Angélina.Anatole@edu.universite.fr', 1, 'p', 0, 'langue, maths, anglais', '', '', 'non', 'rien', '', '', 0),
(11111433, 'Bahia11111433', 'ir%unNPVb4d9', 'Andrea', '', 'Bahia', 'p322', '612880322', 'Bahia.Andrea@edu.universite.fr', 1, 'e', 120211, 'maths, informatique, anglais', '', '', 'oui', 'rien', '', '', 0),
(11111434, 'Baptiste11111434', 'upQIKQDJIQHz', 'Anne-Marie', '', 'Baptiste', 'p323', '708060323', 'Baptiste.Anne-Marie@edu.universite.fr', 1, 'e', 120212, 'maths, francais, langue', '', '', 'non', 'rien', '', '', 0),
(11111435, 'Bérénice11111435', 'mtzHWm:*RDQU', 'Arthus', '', 'Bérénice', 'p324', '620570324', 'Bérénice.Arthus@edu.universite.fr', 1, 'e', 120212, 'informatique, anglais, physique', '', '', 'oui', 'rien', '', '', 0),
(11111436, 'Brieuc11111436', 'XsxL1Gk*z?gi', 'Athénaïs', '', 'Brieuc', 'p325', '773190325', 'Brieuc.Athénaïs@edu.universite.fr', 1, 'e', 120211, 'maths, langue, francais', '', '', 'non', 'rien', '', '', 0),
(11111437, 'Catherine11111437', 'y4WCjQ5L:oX7', 'Aurélie', '', 'Catherine', 'p326', '619430326', 'Catherine.Aurélie@edu.universite.fr', 1, 'e', 120212, 'anglais, informatique, langue', '', '', 'non', 'rien', '', '', 0),
(11111438, 'Chayma11111438', '2Cy**+TDzj8Y', 'Bastien', '', 'Chayma', 'p327', '770400327', 'Chayma.Bastien@edu.universite.fr', 1, 'e', 120212, 'informatique, physique, francais', '', '', 'oui', 'rien', '', '', 0),
(11111439, 'Cheick11111439', ':exet%RZ2ZXy', 'Brieuc', '', 'Cheick', 'p328', '693060328', 'Cheick.Brieuc@edu.universite.fr', 1, 'e', 120211, 'anglais, francais, informatique', '', '', 'non', 'rien', '', '', 0),
(11111440, 'Coline11111440', 'Z0*Y!cLJN.o/', 'Caroline', '', 'Coline', 'p329', '784100329', 'Coline.Caroline@edu.universite.fr', 1, 'e', 120211, 'francais, maths, informatique', '', '', 'oui', 'rien', '', '', 0),
(11111441, 'David11111441', '75HJ?wuHXM-U', 'Charly', '', 'David', 'p330', '782650330', 'David.Charly@edu.universite.fr', 1, 'e', 120212, 'maths, anglais, physique', '', '', 'oui', 'rien', '', '', 0),
(11111442, 'Dina11111442', '8qqV!Hn5Qls1', 'Christina', '', 'Dina', 'p331', '659400331', 'Dina.Christina@edu.universite.fr', 1, 'e', 120211, 'anglais, informatique, physique', '', '', 'non', 'rien', '', '', 0),
(11111443, 'Domitille11111443', 'vPG02X~2Cqye', 'Cléa', '', 'Domitille', 'p332', '610350332', 'Domitille.Cléa@edu.universite.fr', 1, 'e', 120211, 'francais, anglais, physique', '', '', 'oui', 'rien', '', '', 0),
(11111444, 'Elena11111444', '3PP4y6?O-9L1', 'Clovis', '', 'Elena', 'p333', '671400333', 'Elena.Clovis@edu.universite.fr', 1, 'e', 120212, 'informatique, maths, langue', '', '', 'oui', 'rien', '', '', 0),
(11111445, 'Eliot11111445', 'o3f7hBVBq!&j', 'Divine', '', 'Eliot', 'p334', '747570334', 'Eliot.Divine@edu.universite.fr', 1, 'e', 120212, 'informatique, langue, anglais', '', '', 'oui', 'rien', '', '', 0),
(11111446, 'Ella11111446', '6px.QR:4U:Q5', 'Eden', '', 'Ella', 'p335', '636740335', 'Ella.Eden@edu.universite.fr', 1, 'e', 120211, 'francais, maths, anglais', '', '', 'non', 'rien', '', '', 0),
(11111447, 'Elyes11111447', 'kPZ*PYJgKAJy', 'Edmond', '', 'Elyes', 'p336', '792820336', 'Elyes.Edmond@edu.universite.fr', 1, 'e', 120212, 'maths, langue, informatique', '', '', 'oui', 'rien', '', '', 0),
(11111448, 'Emeline11111448', '4-kGN*7!Q$4*', 'Eliot', '', 'Emeline', 'p337', '720710337', 'Emeline.Eliot@edu.universite.fr', 1, 'p', 0, 'francais, langue, anglais', '', '', 'non', 'rien', '', '', 0),
(11111449, 'Emma11111449', 'PJYl1j97-pYG', 'Elliott', '', 'Emma', 'p338', '713710338', 'Emma.Elliott@edu.universite.fr', 1, 'e', 120211, 'langue, maths, anglais', '', '', 'oui', 'rien', '', '', 0),
(11111450, 'Ernest11111450', 'nbYNI8p!FNQR', 'Éloïse', '', 'Ernest', 'p339', '701080339', 'Ernest.Éloïse@edu.universite.fr', 1, 'p', 0, 'francais, langue, physique', '', '', 'non', 'rien', '', '', 0),
(11111451, 'Eugène11111451', 'bpLO49nl98ya', 'Émilie', '', 'Eugène', 'p340', '602190340', 'Eugène.Émilie@edu.universite.fr', 1, 'e', 120211, 'langue, anglais, francais', '', '', 'non', 'rien', '', '', 0),
(11111452, 'Ewan11111452', 'B*Da*wpIf-lM', 'Estelle', '', 'Ewan', 'p341', '756270341', 'Ewan.Estelle@edu.universite.fr', 1, 'e', 120211, 'francais, informatique, physique', '', '', 'oui', 'rien', '', '', 0),
(11111453, 'Farès11111453', 'kb??TL$t0tR%', 'Eugénie', '', 'Farès', 'p342', '680840342', 'Farès.Eugénie@edu.universite.fr', 1, 'e', 120212, 'langue, maths, anglais', '', '', 'oui', 'rien', '', '', 0),
(11111454, 'Fatoumata11111454', '$B&bHN$I*HsS', 'Eya', '', 'Fatoumata', 'p343', '750780343', 'Fatoumata.Eya@edu.universite.fr', 1, 'p', 0, 'langue, physique, informatique', '', '', 'non', 'rien', '', '', 0),
(11111455, 'Floriane11111455', '/!5LE!Dmt+w+', 'Gina', '', 'Floriane', 'p344', '797970344', 'Floriane.Gina@edu.universite.fr', 1, 'e', 120212, 'langue, anglais, francais', '', '', 'non', 'rien', '', '', 0),
(11111456, 'Grace11111456', 'D7-SkJY~6YMb', 'Hafsa', '', 'Grace', 'p345', '782930345', 'Grace.Hafsa@edu.universite.fr', 1, 'e', 120212, 'francais, maths, informatique', '', '', 'non', 'rien', '', '', 0),
(11111457, 'Hajar11111457', 'pF2V!8C/ve1/', 'Hana', '', 'Hajar', 'p346', '664380346', 'Hajar.Hana@edu.universite.fr', 1, 'e', 120211, 'francais, langue, informatique', '', '', 'non', 'rien', '', '', 0),
(11111458, 'Idriss11111458', 'Hf20snWZn:sr', 'Hédi', '', 'Idriss', 'p347', '780100347', 'Idriss.Hédi@edu.universite.fr', 1, 'e', 120211, 'francais, langue, physique', '', '', 'non', 'rien', '', '', 0),
(11111459, 'Jimmy11111459', 'XuP1Eq-o4a29', 'Ilyes', '', 'Jimmy', 'p348', '785430348', 'Jimmy.Ilyes@edu.universite.fr', 1, 'p', 0, 'langue, francais, informatique', '', '', 'non', 'rien', '', '', 0),
(11111460, 'Johanna11111460', '3YKtQVBF-tKK', 'Léna', '', 'Johanna', 'p349', '660790349', 'Johanna.Léna@edu.universite.fr', 1, 'p', 0, 'anglais, maths, francais', '', '', 'non', 'rien', '', '', 0),
(11111461, 'Killian11111461', 'x8d:ZaPdjrO9', 'Louise', '', 'Killian', 'p350', '734180350', 'Killian.Louise@edu.universite.fr', 1, 'e', 120212, 'maths, anglais, informatique', '', '', 'oui', 'rien', '', '', 0),
(11111462, 'Laetitia11111462', 'iANmaLce++tJ', 'Lucien', '', 'Laetitia', 'p351', '680450351', 'Laetitia.Lucien@edu.universite.fr', 1, 'p', 0, 'informatique, maths, francais', '', '', 'non', 'rien', '', '', 0),
(11111463, 'Lauryn11111463', '5aqjtI$$4T32', 'Luisa', '', 'Lauryn', 'p352', '765390352', 'Lauryn.Luisa@edu.universite.fr', 1, 'e', 120211, 'maths, francais, langue', '', '', 'non', 'rien', '', '', 0),
(11111464, 'Line11111464', '4Q!a:2qGOG.m', 'Lynn', '', 'Line', 'p353', '716320353', 'Line.Lynn@edu.universite.fr', 1, 'e', 120212, 'informatique, langue, maths', '', '', 'non', 'rien', '', '', 0),
(11111465, 'Lisa11111465', '0*&q&cRT%t9o', 'Maeva', '', 'Lisa', 'p354', '625580354', 'Lisa.Maeva@edu.universite.fr', 1, 'e', 120212, 'francais, maths, physique', '', '', 'oui', 'rien', '', '', 0),
(11111466, 'Lorenzo11111466', 'aV5%jL+M8z?Y', 'Mahdi', '', 'Lorenzo', 'p355', '762870355', 'Lorenzo.Mahdi@edu.universite.fr', 1, 'p', 0, 'informatique, maths, francais', '', '', 'non', 'rien', '', '', 0),
(11111467, 'Luc11111467', 'PP8e2n6ygR-K', 'Marc', '', 'Luc', 'p356', '633490356', 'Luc.Marc@edu.universite.fr', 1, 'e', 120212, 'maths, informatique, physique', '', '', 'non', 'rien', '', '', 0),
(11111468, 'Lucas11111468', '$RwUi-gZ*b9l', 'Marie', '', 'Lucas', 'p357', '606920357', 'Lucas.Marie@edu.universite.fr', 1, 'p', 0, 'langue, informatique, maths', '', '', 'non', 'rien', '', '', 0),
(11111469, 'Mahaut11111469', '0uDCn3b6sXPJ', 'Mazen', '', 'Mahaut', 'p358', '798170358', 'Mahaut.Mazen@edu.universite.fr', 1, 'e', 120212, 'langue, physique, anglais', '', '', 'oui', 'rien', '', '', 0),
(11111470, 'Margot11111470', '6NfH4NMYbeQf', 'Mendel', '', 'Margot', 'p359', '770170359', 'Margot.Mendel@edu.universite.fr', 1, 'e', 120211, 'anglais, informatique, francais', '', '', 'oui', 'rien', '', '', 0),
(11111471, 'Mariam11111471', 'kN/XO0Vnhz.$', 'Myriam', '', 'Mariam', 'p360', '798480360', 'Mariam.Myriam@edu.universite.fr', 1, 'e', 120212, 'informatique, maths, francais', '', '', 'non', 'rien', '', '', 0),
(11111472, 'Milla11111472', '73!$B1k0n2kD', 'Nadia', '', 'Milla', 'p361', '672870361', 'Milla.Nadia@edu.universite.fr', 1, 'e', 120211, 'anglais, francais, langue', '', '', 'oui', 'rien', '', '', 0),
(11111473, 'Mohammed11111473', 'Px4ZfgeN?o3z', 'Neyl', '', 'Mohammed', 'p362', '682310362', 'Mohammed.Neyl@edu.universite.fr', 1, 'p', 0, 'physique, anglais, maths', '', '', 'non', 'rien', '', '', 0),
(11111474, 'Neil11111474', 'L$hv!Mrk-P/k', 'Nicolas', '', 'Neil', 'p363', '791840363', 'Neil.Nicolas@edu.universite.fr', 1, 'e', 120211, 'francais, physique, anglais', '', '', 'oui', 'rien', '', '', 0),
(11111475, 'Nora11111475', '60vK::F0hXbP', 'Nolan', '', 'Nora', 'p364', '676620364', 'Nora.Nolan@edu.universite.fr', 1, 'p', 0, 'francais, informatique, maths', '', '', 'non', 'rien', '', '', 0),
(11111476, 'Ophélie11111476', 'Q*KF2uovp?&/', 'Racim', '', 'Ophélie', 'p365', '707310365', 'Ophélie.Racim@edu.universite.fr', 1, 'e', 120211, 'francais, langue, maths', '', '', 'non', 'rien', '', '', 0),
(11111477, 'Quitterie11111477', 'TAXaFSWbgjZx', 'Raphaëlle', '', 'Quitterie', 'p366', '739360366', 'Quitterie.Raphaëlle@edu.universite.fr', 1, 'e', 120212, 'francais, langue, anglais', '', '', 'oui', 'rien', '', '', 0),
(11111478, 'Rachel11111478', 'DmugtN.7++kO', 'Safa', '', 'Rachel', 'p367', '794040367', 'Rachel.Safa@edu.universite.fr', 1, 'e', 120212, 'physique, anglais, francais', '', '', 'non', 'rien', '', '', 0),
(11111479, 'Rodrigue11111479', 'ak*:CFT8e$7A', 'Sandro', '', 'Rodrigue', 'p368', '799870368', 'Rodrigue.Sandro@edu.universite.fr', 1, 'e', 120211, 'langue, anglais, maths', '', '', 'oui', 'rien', '', '', 0),
(11111480, 'Rosa11111480', 'qUAUblDSlZ.M', 'Selyan', '', 'Rosa', 'p369', '774360369', 'Rosa.Selyan@edu.universite.fr', 1, 'e', 120211, 'anglais, maths, informatique', '', '', 'non', 'rien', '', '', 0),
(11111481, 'Rudy11111481', '.eF1JQ*8GAt7', 'Simon', '', 'Rudy', 'p370', '642290370', 'Rudy.Simon@edu.universite.fr', 1, 'p', 0, 'langue, informatique, maths', '', '', 'non', 'rien', '', '', 0),
(11111482, 'Skander11111482', ':53nKH3YjA3U', 'Sophia', '', 'Skander', 'p371', '799750371', 'Skander.Sophia@edu.universite.fr', 1, 'e', 120212, 'physique, anglais, langue', '', '', 'oui', 'rien', '', '', 0),
(11111483, 'Stefan11111483', 'AmHJZ89u%s8I', 'Tiago', '', 'Stefan', 'p372', '695430372', 'Stefan.Tiago@edu.universite.fr', 1, 'p', 0, 'informatique, langue, anglais', '', '', 'non', 'rien', '', '', 0),
(11111484, 'Terence11111484', 'o6nP3V?AI2Fn', 'Yaël', '', 'Terence', 'p373', '789100373', 'Terence.Yaël@edu.universite.fr', 1, 'e', 120211, 'maths, francais, anglais', '', '', 'oui', 'rien', '', '', 0),
(11111485, 'Valentine11111485', 'Lysod~Ts&uiH', 'Yahya', '', 'Valentine', 'p374', '722820374', 'Valentine.Yahya@edu.universite.fr', 1, 'e', 120212, 'maths, anglais, langue', '', '', 'non', 'rien', '', '', 0),
(11111486, 'Victor11111486', 'o3CXc2iVxFNS', 'Ada', '', 'Victor', 'p375', '765700375', 'Victor.Ada@edu.universite.fr', 1, 'p', 0, 'informatique, langue, maths', '', '', 'non', 'rien', '', '', 0),
(11111487, 'Viktor11111487', 'maD9sFhPD4E?', 'Alban', '', 'Viktor', 'p376', '702400376', 'Viktor.Alban@edu.universite.fr', 1, 'e', 120211, 'maths, anglais, informatique', '', '', 'non', 'rien', '', '', 0),
(11111488, 'Yasmina11111488', 'f$~mU64+THSs', 'Amy', '', 'Yasmina', 'p377', '697240377', 'Yasmina.Amy@edu.universite.fr', 1, 'e', 120212, 'francais, physique, maths', '', '', 'oui', 'rien', '', '', 0),
(11111489, 'Abdallah11111489', '92WFqG/a5Wsp', 'Andréa', '', 'Abdallah', 'p378', '632520378', 'Abdallah.Andréa@edu.universite.fr', 1, 'e', 120211, 'physique, francais, maths', '', '', 'non', 'rien', '', '', 0),
(11111490, 'Alice11111490', '6h~!oYE:sRQT', 'Anton', '', 'Alice', 'p379', '748810379', 'Alice.Anton@edu.universite.fr', 1, 'e', 120212, 'informatique, physique, maths', '', '', 'non', 'rien', '', '', 0),
(11111491, 'Amaury11111491', 'zz+jLnK5iUdz', 'Aylan', '', 'Amaury', 'p380', '630090380', 'Amaury.Aylan@edu.universite.fr', 1, 'e', 120212, 'informatique, langue, maths', '', '', 'oui', 'rien', '', '', 0),
(11111492, 'Amélie11111492', 'OZjC?W&4c4WG', 'Bianca', '', 'Amélie', 'p381', '626470381', 'Amélie.Bianca@edu.universite.fr', 1, 'e', 120212, 'francais, anglais, physique', '', '', 'non', 'rien', '', '', 0),
(11111493, 'Amine11111493', ':w&qp0Yu83wH', 'Blaise', '', 'Amine', 'p382', '635090382', 'Amine.Blaise@edu.universite.fr', 1, 'e', 120212, 'informatique, francais, maths', '', '', 'non', 'rien', '', '', 0),
(11111494, 'Amy11111494', 'BR~dpdtGdlJ.', 'Cassandre', '', 'Amy', 'p383', '721050383', 'Amy.Cassandre@edu.universite.fr', 1, 'p', 0, 'francais, anglais, physique', '', '', 'non', 'rien', '', '', 0),
(11111495, 'Anouk11111495', ':K87?KUvl!0B', 'Cassiopée', '', 'Anouk', 'p384', '709480384', 'Anouk.Cassiopée@edu.universite.fr', 1, 'p', 0, 'maths, francais, anglais', '', '', 'non', 'rien', '', '', 0),
(11111496, 'Anta11111496', '.nf!7:$ITE$G', 'Catherine', '', 'Anta', 'p385', '695190385', 'Anta.Catherine@edu.universite.fr', 1, 'e', 120212, 'francais, informatique, anglais', '', '', 'oui', 'rien', '', '', 0),
(11111497, 'Arnaud11111497', 'e*JdiT49Moro', 'Céline', '', 'Arnaud', 'p386', '655330386', 'Arnaud.Céline@edu.universite.fr', 1, 'e', 120211, 'langue, maths, anglais', '', '', 'oui', 'rien', '', '', 0),
(11111498, 'Aylan11111498', 'H0XTMMfceAN-', 'Charline', '', 'Aylan', 'p387', '716100387', 'Aylan.Charline@edu.universite.fr', 1, 'e', 120211, 'maths, francais, langue', '', '', 'non', 'rien', '', '', 0),
(11111499, 'Bénédicte11111499', 'Bc/GZBux3Tvs', 'Clémentine', '', 'Bénédicte', 'p388', '641540388', 'Bénédicte.Clémentine@edu.universite.fr', 1, 'e', 120211, 'anglais, maths, informatique', '', '', 'oui', 'rien', '', '', 0),
(11111500, 'Brahim11111500', '3kr%fBBUw01r', 'Elia', '', 'Brahim', 'p389', '670730389', 'Brahim.Elia@edu.universite.fr', 1, 'e', 120212, 'informatique, physique, francais', '', '', 'oui', 'rien', '', '', 0),
(11111501, 'Camille11111501', 'OGa&J*twDq0J', 'Eloïse', '', 'Camille', 'p390', '641940390', 'Camille.Eloïse@edu.universite.fr', 1, 'e', 120212, 'langue, anglais, maths', '', '', 'oui', 'rien', '', '', 0),
(11111502, 'Charles11111502', 'l46~OUfObcm3', 'Elyne', '', 'Charles', 'p391', '661450391', 'Charles.Elyne@edu.universite.fr', 1, 'p', 0, 'informatique, anglais, maths', '', '', 'non', 'rien', '', '', 0),
(11111503, 'Elina11111503', 'r!d3*8s$%:Al', 'Emma', '', 'Elina', 'p392', '646780392', 'Elina.Emma@edu.universite.fr', 1, 'e', 120211, 'anglais, physique, langue', '', '', 'oui', 'rien', '', '', 0),
(11111504, 'Elisa11111504', 't?kE2?WGoR+4', 'Enéa', '', 'Elisa', 'p393', '728980393', 'Elisa.Enéa@edu.universite.fr', 1, 'e', 120211, 'francais, physique, langue', '', '', 'oui', 'rien', '', '', 0),
(11111505, 'Emeline11111505', 'mj6ivIqU4cae', 'Eya', '', 'Emeline', 'p394', '629390394', 'Emeline.Eya@edu.universite.fr', 1, 'p', 0, 'langue, francais, informatique', '', '', 'non', 'rien', '', '', 0),
(11111506, 'Evann11111506', 'J6EXn5jIVd6N', 'Félicie', '', 'Evann', 'p395', '618850395', 'Evann.Félicie@edu.universite.fr', 1, 'e', 120212, 'informatique, physique, maths', '', '', 'non', 'rien', '', '', 0),
(11111507, 'Eyal11111507', 'Y%zzaoqS1.wA', 'Ferdinand', '', 'Eyal', 'p396', '627100396', 'Eyal.Ferdinand@edu.universite.fr', 1, 'p', 0, 'maths, francais, langue', '', '', 'non', 'rien', '', '', 0),
(11111508, 'Félicie11111508', 'pU?QWWRCvwpZ', 'Feriel', '', 'Félicie', 'p397', '767560397', 'Félicie.Feriel@edu.universite.fr', 1, 'e', 120212, 'langue, maths, informatique', '', '', 'oui', 'rien', '', '', 0),
(11111509, 'Gaston11111509', 'jU4UITikyV$C', 'Gabin', '', 'Gaston', 'p398', '630220398', 'Gaston.Gabin@edu.universite.fr', 1, 'p', 0, 'langue, physique, informatique', '', '', 'non', 'rien', '', '', 0),
(11111510, 'Iris11111510', 'rX2djYUKmbQe', 'Gabriella', '', 'Iris', 'p399', '788140399', 'Iris.Gabriella@edu.universite.fr', 1, 'e', 120212, 'langue, francais, anglais', '', '', 'oui', 'rien', '', '', 0),
(11111511, 'Jenny11111511', '/2fTp/DJLkDj', 'Hedi', '', 'Jenny', 'p400', '729780400', 'Jenny.Hedi@edu.universite.fr', 1, 'e', 120212, 'anglais, informatique, maths', '', '', 'oui', 'rien', '', '', 0),
(11111512, 'Jimmy11111512', '+?!2TNEaSfaX', 'Hiba', '', 'Jimmy', 'p401', '703760401', 'Jimmy.Hiba@edu.universite.fr', 1, 'e', 120211, 'physique, maths, langue', '', '', 'non', 'rien', '', '', 0),
(11111513, 'Jonas11111513', 'h3tFCwL&HHSH', 'Idrissa', '', 'Jonas', 'p402', '714300402', 'Jonas.Idrissa@edu.universite.fr', 1, 'e', 120211, 'informatique, anglais, langue', '', '', 'non', 'rien', '', '', 0),
(11111514, 'Jonathan11111514', '!Q8XTw9~*aKi', 'Ilyas', '', 'Jonathan', 'p403', '791090403', 'Jonathan.Ilyas@edu.universite.fr', 1, 'p', 0, 'maths, anglais, langue', '', '', 'non', 'rien', '', '', 0),
(11111515, 'Joseph11111515', 'SsHc-n6VDATY', 'Iyed', '', 'Joseph', 'p404', '719920404', 'Joseph.Iyed@edu.universite.fr', 1, 'p', 0, 'physique, informatique, langue', '', '', 'non', 'rien', '', '', 0),
(11111516, 'Kaïs11111516', 'CdMz8-uzx0dO', 'Joy', '', 'Kaïs', 'p405', '601640405', 'Kaïs.Joy@edu.universite.fr', 1, 'e', 120211, 'maths, langue, francais', '', '', 'oui', 'rien', '', '', 0),
(11111517, 'Karla11111517', ':cCaZR2.uQnC', 'Léo', '', 'Karla', 'p406', '673450406', 'Karla.Léo@edu.universite.fr', 1, 'e', 120211, 'maths, langue, francais', '', '', 'oui', 'rien', '', '', 0),
(11111518, 'Kelyan11111518', 'LVsnxdr5&V&9', 'Léonore', '', 'Kelyan', 'p407', '776670407', 'Kelyan.Léonore@edu.universite.fr', 1, 'e', 120211, 'langue, maths, informatique', '', '', 'oui', 'rien', '', '', 0),
(11111519, 'Léopoldine11111519', 'D9Q%SV9EER~T', 'Léontine', '', 'Léopoldine', 'p408', '614090408', 'Léopoldine.Léontine@edu.universite.fr', 1, 'e', 120211, 'anglais, maths, langue', '', '', 'non', 'rien', '', '', 0),
(11111520, 'Lili-Rose11111520', 'ga+DA*/6Frr.', 'Lilou', '', 'Lili-Rose', 'p409', '653940409', 'Lili-Rose.Lilou@edu.universite.fr', 1, 'e', 120211, 'informatique, maths, francais', '', '', 'oui', 'rien', '', '', 0),
(11111521, 'Lola11111521', '18Rt?L!vmo54', 'Lilya', '', 'Lola', 'p410', '711210410', 'Lola.Lilya@edu.universite.fr', 1, 'e', 120211, 'anglais, maths, physique', '', '', 'non', 'rien', '', '', 0),
(11111522, 'Lou-Ann11111522', 'yJeTr*oVnQcj', 'Lou', '', 'Lou-Ann', 'p411', '772960411', 'Lou-Ann.Lou@edu.universite.fr', 1, 'e', 120211, 'maths, francais, physique', '', '', 'oui', 'rien', '', '', 0),
(11111523, 'Maëly11111523', 'y~6/n/Y~97sK', 'Louison', '', 'Maëly', 'p412', '600330412', 'Maëly.Louison@edu.universite.fr', 1, 'e', 120211, 'informatique, francais, anglais', '', '', 'oui', 'rien', '', '', 0),
(11111524, 'Maeva11111524', 'igb.qw/Ko6.s', 'Louna', '', 'Maeva', 'p413', '664450413', 'Maeva.Louna@edu.universite.fr', 1, 'e', 120212, 'langue, informatique, anglais', '', '', 'oui', 'rien', '', '', 0),
(11111525, 'Malia11111525', 'Q4Bics+!.Uc6', 'Luka', '', 'Malia', 'p414', '654170414', 'Malia.Luka@edu.universite.fr', 1, 'e', 120211, 'langue, francais, maths', '', '', 'oui', 'rien', '', '', 0),
(11111526, 'Marguerite11111526', '7bvEE-x.n5uU', 'Malak', '', 'Marguerite', 'p415', '747510415', 'Marguerite.Malak@edu.universite.fr', 1, 'e', 120212, 'francais, anglais, maths', '', '', 'oui', 'rien', '', '', 0),
(11111527, 'Marianne11111527', 'qcY8lV/gC.-Y', 'Malia', '', 'Marianne', 'p416', '765210416', 'Marianne.Malia@edu.universite.fr', 1, 'p', 0, 'langue, anglais, maths', '', '', 'non', 'rien', '', '', 0),
(11111528, 'Maryam11111528', 'cRhUM6OItMjU', 'Marceau', '', 'Maryam', 'p417', '609840417', 'Maryam.Marceau@edu.universite.fr', 1, 'p', 0, 'maths, langue, informatique', '', '', 'non', 'rien', '', '', 0),
(11111529, 'Massinissa11111529', 'ep&!qf*/cRYD', 'Maryam', '', 'Massinissa', 'p418', '642060418', 'Massinissa.Maryam@edu.universite.fr', 1, 'e', 120212, 'physique, informatique, maths', '', '', 'oui', 'rien', '', '', 0),
(11111530, 'Mathurin11111530', 'nyWAN5A-y9v%', 'Mathilde', '', 'Mathurin', 'p419', '704480419', 'Mathurin.Mathilde@edu.universite.fr', 1, 'e', 120212, 'langue, francais, anglais', '', '', 'oui', 'rien', '', '', 0),
(11111531, 'Matt11111531', 'Vq-xaG34%N$x', 'Mélina', '', 'Matt', 'p420', '753140420', 'Matt.Mélina@edu.universite.fr', 1, 'e', 120212, 'informatique, langue, anglais', '', '', 'non', 'rien', '', '', 0),
(11111532, 'Mohammed11111532', 'WZBeiq5AbBC3', 'Miya', '', 'Mohammed', 'p421', '643320421', 'Mohammed.Miya@edu.universite.fr', 1, 'e', 120212, 'francais, physique, langue', '', '', 'oui', 'rien', '', '', 0),
(11111533, 'Mouhamadou11111533', 'IIaNE7S7zLts', 'Mohamed-Lamine', '', 'Mouhamadou', 'p422', '641980422', 'Mouhamadou.Mohamed-Lamine@edu.universite.fr', 1, 'e', 120212, 'physique, informatique, anglais', '', '', 'non', 'rien', '', '', 0),
(11111534, 'Naïa11111534', '/l1yPRL1h4Z8', 'Octavie', '', 'Naïa', 'p423', '678880423', 'Naïa.Octavie@edu.universite.fr', 1, 'p', 0, 'maths, francais, anglais', '', '', 'non', 'rien', '', '', 0),
(11111535, 'Nesrine11111535', 'RHUXMQz*k1Sa', 'Olivia', '', 'Nesrine', 'p424', '762000424', 'Nesrine.Olivia@edu.universite.fr', 1, 'e', 120212, 'langue, anglais, physique', '', '', 'non', 'rien', '', '', 0),
(11111536, 'Nour11111536', ':ldzV&QLS1ms', 'Olivier', '', 'Nour', 'p425', '657650425', 'Nour.Olivier@edu.universite.fr', 1, 'e', 120211, 'informatique, langue, maths', '', '', 'oui', 'rien', '', '', 0),
(11111537, 'Riyad11111537', 'cI3i1cx3yD/+', 'Orso', '', 'Riyad', 'p426', '649660426', 'Riyad.Orso@edu.universite.fr', 1, 'p', 0, 'maths, langue, francais', '', '', 'non', 'rien', '', '', 0),
(11111538, 'Rose11111538', 'k5ZVJWzVlkkI', 'Paola', '', 'Rose', 'p427', '743680427', 'Rose.Paola@edu.universite.fr', 1, 'p', 0, 'maths, langue, physique', '', '', 'non', 'rien', '', '', 0),
(11111539, 'Sacha11111539', 't*BeCF+*Ddlz', 'Paul', '', 'Sacha', 'p428', '720580428', 'Sacha.Paul@edu.universite.fr', 1, 'e', 120212, 'informatique, francais, physique', '', '', 'non', 'rien', '', '', 0),
(11111540, 'Sam11111540', 'y+pn%EN-ytlD', 'Raphaëlle', '', 'Sam', 'p429', '711020429', 'Sam.Raphaëlle@edu.universite.fr', 1, 'e', 120211, 'physique, anglais, informatique', '', '', 'non', 'rien', '', '', 0),
(11111541, 'Sasha11111541', 'j634hGL0~WAS', 'Sami', '', 'Sasha', 'p430', '753930430', 'Sasha.Sami@edu.universite.fr', 1, 'e', 120211, 'maths, langue, anglais', '', '', 'non', 'rien', '', '', 0),
(11111542, 'Tessa11111542', 'Fz$Xq$d%30Z~', 'Selim', '', 'Tessa', 'p431', '625030431', 'Tessa.Selim@edu.universite.fr', 1, 'e', 120211, 'langue, informatique, anglais', '', '', 'non', 'rien', '', '', 0),
(11111543, 'Thibault11111543', 'nA9UBZQA17Ec', 'Serena', '', 'Thibault', 'p432', '646110432', 'Thibault.Serena@edu.universite.fr', 1, 'e', 120211, 'anglais, francais, physique', '', '', 'oui', 'rien', '', '', 0),
(11111544, 'Timéo11111544', 'kM/n/9:z5Yc?', 'Simon', '', 'Timéo', 'p433', '656210433', 'Timéo.Simon@edu.universite.fr', 1, 'e', 120212, 'physique, informatique, anglais', '', '', 'non', 'rien', '', '', 0),
(11111545, 'Tony11111545', 'qLhZOq!O/8Rv', 'Tal', '', 'Tony', 'p434', '743650434', 'Tony.Tal@edu.universite.fr', 1, 'p', 0, 'anglais, langue, informatique', '', '', 'non', 'rien', '', '', 0),
(11111546, 'Tosca11111546', '2Fq5oP$3tsoM', 'Tao', '', 'Tosca', 'p435', '612450435', 'Tosca.Tao@edu.universite.fr', 1, 'e', 120212, 'langue, francais, anglais', '', '', 'non', 'rien', '', '', 0),
(11111547, 'Victorine11111547', 'Oa2ms5X3*r&X', 'Tiago', '', 'Victorine', 'p436', '746790436', 'Victorine.Tiago@edu.universite.fr', 1, 'e', 120211, 'informatique, physique, maths', '', '', 'non', 'rien', '', '', 0),
(11111548, 'Yaëlle11111548', 'x.CztXAJlQ*+', 'Timéo', '', 'Yaëlle', 'p437', '718310437', 'Yaëlle.Timéo@edu.universite.fr', 1, 'e', 120211, 'physique, anglais, francais', '', '', 'oui', 'rien', '', '', 0),
(11111549, 'Yanis11111549', 'y$M7OHvAEzyn', 'Tom', '', 'Yanis', 'p438', '785160438', 'Yanis.Tom@edu.universite.fr', 1, 'e', 120211, 'maths, francais, physique', '', '', 'non', 'rien', '', '', 0),
(11111550, 'Yassin11111550', 'jchaUoh0US~?', 'Vera', '', 'Yassin', 'p439', '761760439', 'Yassin.Vera@edu.universite.fr', 1, 'e', 120211, 'maths, physique, anglais', '', '', 'non', 'rien', '', '', 0),
(11111551, 'Yoni11111551', 'Tus7Cg0XagKD', 'Xavier', '', 'Yoni', 'p440', '668510440', 'Yoni.Xavier@edu.universite.fr', 1, 'e', 120211, 'informatique, physique, francais', '', '', 'non', 'rien', '', '', 0),
(11111552, 'Yuna11111552', 'l3s-2TGE%gWL', 'Yaya', '', 'Yuna', 'p441', '738360441', 'Yuna.Yaya@edu.universite.fr', 1, 'e', 120212, 'physique, informatique, anglais', '', '', 'non', 'rien', '', '', 0),
(11111553, 'Abel11111553', 'BM!IM/hPZSfV', 'Louise', '', 'Abel', 'p442', '792200442', 'Abel.Louise@edu.universite.fr', 1, 'e', 120211, 'informatique, francais, physique', '', '', 'non', 'rien', '', '', 0),
(11111554, 'Adama11111554', 'ZlYzylpktSKU', 'Noah', '', 'Adama', 'p443', '672590443', 'Adama.Noah@edu.universite.fr', 1, 'e', 120212, 'francais, maths, langue', '', '', 'non', 'rien', '', '', 0),
(11111555, 'Alexis11111555', 'P680z%Aw?-DD', 'Zoé', '', 'Alexis', 'p444', '799910444', 'Alexis.Zoé@edu.universite.fr', 1, 'e', 120212, 'physique, maths, anglais', '', '', 'oui', 'rien', '', '', 0),
(11111556, 'Alia11111556', 'C3?1xalBX2pY', 'Julia', '', 'Alia', 'p445', '790500445', 'Alia.Julia@edu.universite.fr', 1, 'e', 120212, 'physique, langue, anglais', '', '', 'oui', 'rien', '', '', 0),
(11111557, 'Amicie11111557', 'fA$Rm%8:eena', 'Amir', '', 'Amicie', 'p446', '751730446', 'Amicie.Amir@edu.universite.fr', 1, 'e', 120212, 'anglais, langue, maths', '', '', 'oui', 'rien', '', '', 0),
(11111558, 'Anatole11111558', 'CGqZIrWFnEUC', 'Margaux', '', 'Anatole', 'p447', '620930447', 'Anatole.Margaux@edu.universite.fr', 1, 'p', 0, 'francais, physique, maths', '', '', 'non', 'rien', '', '', 0),
(11111559, 'Ange11111559', 'Zq0c/:NZAomL', 'Clémence', '', 'Ange', 'p448', '739750448', 'Ange.Clémence@edu.universite.fr', 1, 'e', 120211, 'langue, francais, physique', '', '', 'non', 'rien', '', '', 0),
(11111560, 'Avril11111560', 'jwbGsGsBNvB:', 'Capucine', '', 'Avril', 'p449', '771500449', 'Avril.Capucine@edu.universite.fr', 1, 'e', 120211, 'maths, informatique, physique', '', '', 'oui', 'rien', '', '', 0),
(11111561, 'Benjamin11111561', '0+exY.!CtlAN', 'Ilyes', '', 'Benjamin', 'p450', '637070450', 'Benjamin.Ilyes@edu.universite.fr', 1, 'e', 120211, 'informatique, anglais, maths', '', '', 'oui', 'rien', '', '', 0),
(11111562, 'Bintou11111562', 'UNEuFa6kr-5r', 'Eléonore', '', 'Bintou', 'p451', '612940451', 'Bintou.Eléonore@edu.universite.fr', 1, 'e', 120212, 'informatique, anglais, physique', '', '', 'oui', 'rien', '', '', 0),
(11111563, 'Brieuc11111563', '/G/CUa649LTp', 'Dina', '', 'Brieuc', 'p452', '703470452', 'Brieuc.Dina@edu.universite.fr', 1, 'p', 0, 'anglais, physique, maths', '', '', 'non', 'rien', '', '', 0),
(11111564, 'Cédric11111564', 'v4!iQHcu0!jR', 'Owen', '', 'Cédric', 'p453', '665190453', 'Cédric.Owen@edu.universite.fr', 1, 'p', 0, 'maths, francais, langue', '', '', 'non', 'rien', '', '', 0),
(11111565, 'Côme11111565', 'cgW%1.xfb7&T', 'Amadou', '', 'Côme', 'p454', '739940454', 'Côme.Amadou@edu.universite.fr', 1, 'e', 120211, 'physique, anglais, informatique', '', '', 'oui', 'rien', '', '', 0),
(11111566, 'Dan11111566', 'P~m1jp!6VKwo', 'Loup', '', 'Dan', 'p455', '700440455', 'Dan.Loup@edu.universite.fr', 1, 'p', 0, 'informatique, maths, francais', '', '', 'non', 'rien', '', '', 0),
(11111567, 'Daouda11111567', 'Y7MHYi%g-Xjb', 'Judith', '', 'Daouda', 'p456', '749310456', 'Daouda.Judith@edu.universite.fr', 1, 'e', 120212, 'physique, informatique, langue', '', '', 'non', 'rien', '', '', 0),
(11111568, 'Elie11111568', '&SOeToBv:utx', 'Mathéo', '', 'Elie', 'p457', '621730457', 'Elie.Mathéo@edu.universite.fr', 1, 'e', 120212, 'francais, informatique, physique', '', '', 'oui', 'rien', '', '', 0),
(11111569, 'Eline11111569', '43JUgr05oEB-', 'Bastien', '', 'Eline', 'p458', '781260458', 'Eline.Bastien@edu.universite.fr', 1, 'p', 0, 'anglais, francais, langue', '', '', 'non', 'rien', '', '', 0),
(11111570, 'Émile11111570', 'bSaH:TuqK09j', 'Cheick', '', 'Émile', 'p459', '651660459', 'Émile.Cheick@edu.universite.fr', 1, 'p', 0, 'francais, physique, anglais', '', '', 'non', 'rien', '', '', 0),
(11111571, 'Emilia11111571', ':IJ.uBw~z9Jb', 'Aïssata', '', 'Emilia', 'p460', '725340460', 'Emilia.Aïssata@edu.universite.fr', 1, 'e', 120211, 'physique, francais, maths', '', '', 'non', 'rien', '', '', 0),
(11111572, 'Eytan11111572', '?p$TqgFw&$G!', 'Aria', '', 'Eytan', 'p461', '649760461', 'Eytan.Aria@edu.universite.fr', 1, 'e', 120212, 'informatique, anglais, maths', '', '', 'non', 'rien', '', '', 0),
(11111573, 'Fatima11111573', '2H*N$ayYIC9~', 'Alphonse', '', 'Fatima', 'p462', '704640462', 'Fatima.Alphonse@edu.universite.fr', 1, 'e', 120212, 'langue, physique, francais', '', '', 'non', 'rien', '', '', 0),
(11111574, 'Gaétan11111574', '7TZc/H7HnEvo', 'Lazare', '', 'Gaétan', 'p463', '743010463', 'Gaétan.Lazare@edu.universite.fr', 1, 'e', 120212, 'langue, francais, anglais', '', '', 'oui', 'rien', '', '', 0),
(11111575, 'Gary11111575', 'L1mWJ%$$TQHB', 'Marguerite', '', 'Gary', 'p464', '620790464', 'Gary.Marguerite@edu.universite.fr', 1, 'e', 120212, 'francais, physique, langue', '', '', 'oui', 'rien', '', '', 0),
(11111576, 'Goundo11111576', 'eiba8VJyHvB+', 'Aubin', '', 'Goundo', 'p465', '613490465', 'Goundo.Aubin@edu.universite.fr', 1, 'e', 120211, 'francais, physique, maths', '', '', 'non', 'rien', '', '', 0),
(11111577, 'Hadrien11111577', 'HE.3OwuVU&Gq', 'Esteban', '', 'Hadrien', 'p466', '721080466', 'Hadrien.Esteban@edu.universite.fr', 1, 'e', 120211, 'francais, informatique, anglais', '', '', 'non', 'rien', '', '', 0),
(11111578, 'Ilyana11111578', 'ABsJEkMQnTqE', 'Simone', '', 'Ilyana', 'p467', '687330467', 'Ilyana.Simone@edu.universite.fr', 1, 'p', 0, 'langue, francais, physique', '', '', 'non', 'rien', '', '', 0),
(11111579, 'Isaac11111579', '!kCbyxSqH2I&', 'Yaël', '', 'Isaac', 'p468', '751600468', 'Isaac.Yaël@edu.universite.fr', 1, 'e', 120212, 'physique, francais, informatique', '', '', 'non', 'rien', '', '', 0),
(11111580, 'Jibril11111580', 'q-DNLaZUsNDc', 'Aïssatou', '', 'Jibril', 'p469', '629300469', 'Jibril.Aïssatou@edu.universite.fr', 1, 'e', 120211, 'langue, physique, informatique', '', '', 'non', 'rien', '', '', 0),
(11111581, 'Yahya11111581', 'fA2Ll7PVy/sy', 'Salimata', '', 'Yahya', 'p470', '791040470', 'Yahya.Salimata@edu.universite.fr', 1, 'e', 120212, 'physique, maths, francais', '', '', 'oui', 'rien', '', '', 0),
(11111582, 'Adem11111582', '5QOpquYcYep8', 'Daouda', '', 'Adem', 'p471', '701660471', 'Adem.Daouda@edu.universite.fr', 1, 'e', 120212, 'anglais, physique, maths', '', '', 'oui', 'rien', '', '', 0),
(11111583, 'Adja11111583', 'mrev3VZQMzAk', 'Amandine', '', 'Adja', 'p472', '691610472', 'Adja.Amandine@edu.universite.fr', 1, 'e', 120211, 'francais, physique, anglais', '', '', 'non', 'rien', '', '', 0),
(11111584, 'Adriana11111584', 'AgjWL0w9!i9&', 'Ysé', '', 'Adriana', 'p473', '633840473', 'Adriana.Ysé@edu.universite.fr', 1, 'e', 120212, 'maths, anglais, physique', '', '', 'non', 'rien', '', '', 0),
(11111585, 'Albert11111585', '/zMAogaqCNXQ', 'Corentin', '', 'Albert', 'p474', '687760474', 'Albert.Corentin@edu.universite.fr', 1, 'e', 120212, 'physique, maths, francais', '', '', 'non', 'rien', '', '', 0),
(11111586, 'Alessio11111586', 'TC0*MqqDjKQr', 'Paolo', '', 'Alessio', 'p475', '793020475', 'Alessio.Paolo@edu.universite.fr', 1, 'e', 120212, 'physique, langue, francais', '', '', 'oui', 'rien', '', '', 0),
(11111587, 'Alexandre11111587', 'Sre97%03.7~T', 'Yasser', '', 'Alexandre', 'p476', '710540476', 'Alexandre.Yasser@edu.universite.fr', 1, 'e', 120211, 'informatique, maths, physique', '', '', 'oui', 'rien', '', '', 0),
(11111588, 'Alycia11111588', '*V6.se2~iEOk', 'Fatim', '', 'Alycia', 'p477', '703970477', 'Alycia.Fatim@edu.universite.fr', 1, 'e', 120211, 'physique, francais, informatique', '', '', 'non', 'rien', '', '', 0),
(11111589, 'Annaëlle11111589', 'yi5+SO+&8bCO', 'Clarence', '', 'Annaëlle', 'p478', '671990478', 'Annaëlle.Clarence@edu.universite.fr', 1, 'e', 120211, 'anglais, langue, physique', '', '', 'oui', 'rien', '', '', 0),
(11111590, 'Anthony11111590', '-~sp*!qQ0~ZN', 'Kayden', '', 'Anthony', 'p479', '661220479', 'Anthony.Kayden@edu.universite.fr', 1, 'e', 120211, 'maths, francais, informatique', '', '', 'non', 'rien', '', '', 0),
(11111591, 'Antonin11111591', 'WTYD1tH2/OCB', 'Modibo', '', 'Antonin', 'p480', '771850480', 'Antonin.Modibo@edu.universite.fr', 1, 'e', 120211, 'informatique, maths, physique', '', '', 'oui', 'rien', '', '', 0),
(11111592, 'Benjamin11111592', 'VdyidmknL&&F', 'Eléna', '', 'Benjamin', 'p481', '638600481', 'Benjamin.Eléna@edu.universite.fr', 1, 'e', 120211, 'physique, maths, langue', '', '', 'oui', 'rien', '', '', 0),
(11111593, 'Charline11111593', 'R+LC!TQYrG4t', 'Ismail', '', 'Charline', 'p482', '707730482', 'Charline.Ismail@edu.universite.fr', 1, 'e', 120212, 'anglais, francais, langue', '', '', 'oui', 'rien', '', '', 0),
(11111594, 'Charlotte11111594', '8?:R?Oh06xhi', 'Tim', '', 'Charlotte', 'p483', '653550483', 'Charlotte.Tim@edu.universite.fr', 1, 'e', 120212, 'francais, langue, anglais', '', '', 'non', 'rien', '', '', 0),
(11111595, 'Cindy11111595', 'zkFgKtRUQ8&s', 'Kelly', '', 'Cindy', 'p484', '726050484', 'Cindy.Kelly@edu.universite.fr', 1, 'e', 120212, 'maths, physique, langue', '', '', 'non', 'rien', '', '', 0),
(11111596, 'Daniel11111596', '?Wciau77-7HM', 'Lamine', '', 'Daniel', 'p485', '646520485', 'Daniel.Lamine@edu.universite.fr', 1, 'p', 0, 'physique, langue, informatique', '', '', 'non', 'rien', '', '', 0),
(11111597, 'Diana11111597', 'gO0u0Xi93lcd', 'Léane', '', 'Diana', 'p486', '619700486', 'Diana.Léane@edu.universite.fr', 1, 'p', 0, 'francais, informatique, langue', '', '', 'non', 'rien', '', '', 0),
(11111598, 'Diego11111598', 'ieZg1/EMzLDx', 'Lindsay', '', 'Diego', 'p487', '710290487', 'Diego.Lindsay@edu.universite.fr', 1, 'e', 120211, 'francais, informatique, physique', '', '', 'non', 'rien', '', '', 0),
(11111599, 'Eléanor11111599', '+hEGVjzHST8l', 'Loup', '', 'Eléanor', 'p488', '794430488', 'Eléanor.Loup@edu.universite.fr', 1, 'e', 120211, 'francais, informatique, langue', '', '', 'oui', 'rien', '', '', 0),
(11111600, 'Emmie11111600', 'CY:LKG~8~MGQ', 'Luka', '', 'Emmie', 'p489', '639570489', 'Emmie.Luka@edu.universite.fr', 1, 'e', 120211, 'informatique, physique, maths', '', '', 'non', 'rien', '', '', 0);
INSERT INTO `users` (`idUser`, `Login`, `MotDePasse`, `Nom`, `NomEpouse`, `Prénom`, `Photo`, `Téléphone`, `Mail`, `idEtablissement`, `Role`, `promo`, `InscriptionMatiere`, `InscriptionPeda`, `InfoPrivee`, `InfoRedoublement`, `Perqonnalisation`, `Data`, `Historique`, `Drapeau`) VALUES
(11111601, 'Emna11111601', 'QChbOyIVf9d+', 'Maélys', '', 'Emna', 'p490', '707600490', 'Emna.Maélys@edu.universite.fr', 1, 'e', 120212, 'physique, anglais, francais', '', '', 'oui', 'rien', '', '', 0),
(11111602, 'Estelle11111602', 'y!OMz.3aCy5p', 'Mathurin', '', 'Estelle', 'p491', '715590491', 'Estelle.Mathurin@edu.universite.fr', 1, 'e', 120211, 'francais, anglais, informatique', '', '', 'oui', 'rien', '', '', 0),
(11111603, 'Eyal11111603', '.?zgRqL/S%&n', 'Maxim', '', 'Eyal', 'p492', '695830492', 'Eyal.Maxim@edu.universite.fr', 1, 'e', 120211, 'anglais, informatique, langue', '', '', 'oui', 'rien', '', '', 0),
(11111604, 'Gaspar11111604', 'E9~hZqz4&390', 'Meryem', '', 'Gaspar', 'p493', '758680493', 'Gaspar.Meryem@edu.universite.fr', 1, 'e', 120211, 'langue, maths, francais', '', '', 'non', 'rien', '', '', 0),
(11111605, 'Haya11111605', 'JRolILUbF5uf', 'Mouhamed', '', 'Haya', 'p494', '637070494', 'Haya.Mouhamed@edu.universite.fr', 1, 'e', 120212, 'maths, informatique, physique', '', '', 'non', 'rien', '', '', 0),
(11111606, 'Henri11111606', 'MhtEN3z9VJY:', 'Naomie', '', 'Henri', 'p495', '756680495', 'Henri.Naomie@edu.universite.fr', 1, 'p', 0, 'francais, anglais, physique', '', '', 'non', 'rien', '', '', 0),
(11111607, 'Hippolyte11111607', '%?6L%ODT*p?Y', 'Nassim', '', 'Hippolyte', 'p496', '622530496', 'Hippolyte.Nassim@edu.universite.fr', 1, 'e', 120212, 'francais, anglais, informatique', '', '', 'non', 'rien', '', '', 0),
(11111608, 'Imane11111608', ':HrnhkauE:&W', 'Noor', '', 'Imane', 'p497', '664020497', 'Imane.Noor@edu.universite.fr', 1, 'e', 120212, 'francais, informatique, maths', '', '', 'non', 'rien', '', '', 0),
(11111609, 'Jana11111609', 'FV6OdhF8I3Sh', 'Ornella', '', 'Jana', 'p498', '758370498', 'Jana.Ornella@edu.universite.fr', 1, 'e', 120212, 'langue, physique, francais', '', '', 'non', 'rien', '', '', 0),
(11111610, 'Jérémie11111610', 'k9ySw&EEb$DT', 'Rohan', '', 'Jérémie', 'p499', '693090499', 'Jérémie.Rohan@edu.universite.fr', 1, 'p', 0, 'langue, anglais, physique', '', '', 'non', 'rien', '', '', 0),
(11111611, 'Jonas11111611', '.IvOY6n4I1XZ', 'Daniel', '', 'Jonas', 'p500', '645520500', 'Jonas.Daniel@edu.universite.fr', 1, 'e', 120211, 'francais, langue, anglais', '', '', 'non', 'rien', '', '', 0),
(11111612, 'Romane11111612', 'f41YN-biTojd', 'Virgile', '', 'Romane', 'p501', '648250501', 'Romane.Virgile@edu.universite.fr', 1, 'e', 120211, 'maths, informatique, francais', '', '', 'oui', 'rien', '', '', 0),
(11111613, 'Rony11111613', 'isDEQCcH8kb!', 'Warren', '', 'Rony', 'p502', '767930502', 'Rony.Warren@edu.universite.fr', 1, 'e', 120212, 'francais, physique, maths', '', '', 'non', 'rien', '', '', 0),
(11111614, 'Ruth11111614', ':OXaW6SfT7-K', 'Yael', '', 'Ruth', 'p503', '687080503', 'Ruth.Yael@edu.universite.fr', 1, 'e', 120212, 'physique, langue, francais', '', '', 'non', 'rien', '', '', 0),
(11111615, 'Ryad11111615', 'PQcmll&+l!a9', 'Zakary', '', 'Ryad', 'p504', '765890504', 'Ryad.Zakary@edu.universite.fr', 1, 'p', 0, 'anglais, physique, informatique', '', '', 'non', 'rien', '', '', 0),
(11111616, 'Sacha11111616', '+7G*u-NV+2UR', 'Abel', '', 'Sacha', 'p505', '714520505', 'Sacha.Abel@edu.universite.fr', 1, 'e', 120211, 'anglais, informatique, physique', '', '', 'oui', 'rien', '', '', 0),
(11111617, 'Sébastien11111617', '!5:bRE:LFSeF', 'Aboubacar', '', 'Sébastien', 'p506', '655720506', 'Sébastien.Aboubacar@edu.universite.fr', 1, 'e', 120211, 'francais, informatique, anglais', '', '', 'non', 'rien', '', '', 0),
(11111618, 'Sérine11111618', 'iT-%%L%YTXZj', 'Alassane', '', 'Sérine', 'p507', '651630507', 'Sérine.Alassane@edu.universite.fr', 1, 'p', 0, 'anglais, francais, informatique', '', '', 'non', 'rien', '', '', 0),
(11111619, 'Sirine11111619', '96H1aRQx+OO1', 'Alban', '', 'Sirine', 'p508', '642350508', 'Sirine.Alban@edu.universite.fr', 1, 'p', 0, 'francais, informatique, physique', '', '', 'non', 'rien', '', '', 0),
(11111620, 'Solène11111620', 'I.eQK/AkQPOz', 'Amy', '', 'Solène', 'p509', '665480509', 'Solène.Amy@edu.universite.fr', 1, 'e', 120212, 'francais, anglais, informatique', '', '', 'oui', 'rien', '', '', 0),
(11111621, 'Tara11111621', '?FLQmzrkmAi1', 'Angelina', '', 'Tara', 'p510', '779590510', 'Tara.Angelina@edu.universite.fr', 1, 'e', 120212, 'physique, langue, informatique', '', '', 'oui', 'rien', '', '', 0),
(11111622, 'Timothée11111622', '4t5HM:-5oko*', 'Auxence', '', 'Timothée', 'p511', '657390511', 'Timothée.Auxence@edu.universite.fr', 1, 'e', 120212, 'informatique, anglais, francais', '', '', 'non', 'rien', '', '', 0),
(11111623, 'Yani11111623', '?Az./-j5ZBp2', 'Bakary', '', 'Yani', 'p512', '625860512', 'Yani.Bakary@edu.universite.fr', 1, 'p', 0, 'maths, physique, anglais', '', '', 'non', 'rien', '', '', 0),
(11111624, 'Yaya11111624', 'E1XgOYF1gbPv', 'Binta', '', 'Yaya', 'p513', '795580513', 'Yaya.Binta@edu.universite.fr', 1, 'e', 120212, 'anglais, informatique, physique', '', '', 'oui', 'rien', '', '', 0),
(11111625, 'Yvan11111625', 'QoR7je/knAQ5', 'Chahine', '', 'Yvan', 'p514', '619620514', 'Yvan.Chahine@edu.universite.fr', 1, 'e', 120212, 'maths, informatique, anglais', '', '', 'oui', 'rien', '', '', 0),
(11111626, 'Zacharie11111626', '2g%xrO4k7~Hq', 'Chaïma', '', 'Zacharie', 'p515', '703220515', 'Zacharie.Chaïma@edu.universite.fr', 1, 'e', 120211, 'informatique, francais, langue', '', '', 'oui', 'rien', '', '', 0),
(11111627, 'Abraham11111627', 'lX&0p1HbZW&o', 'Coline', '', 'Abraham', 'p516', '791590516', 'Abraham.Coline@edu.universite.fr', 1, 'p', 0, 'langue, physique, maths', '', '', 'non', 'rien', '', '', 0),
(11111628, 'Aglaé11111628', 's2KHGz36Un0M', 'Dahlia', '', 'Aglaé', 'p517', '645290517', 'Aglaé.Dahlia@edu.universite.fr', 1, 'e', 120212, 'anglais, physique, informatique', '', '', 'non', 'rien', '', '', 0),
(11111629, 'Ambre11111629', 'J!yD%WaVXEg$', 'Danyl', '', 'Ambre', 'p518', '749020518', 'Ambre.Danyl@edu.universite.fr', 1, 'p', 0, 'maths, physique, informatique', '', '', 'non', 'rien', '', '', 0),
(11111630, 'Anastasia11111630', 'Eb6oVDZm3upm', 'Djibril', '', 'Anastasia', 'p519', '652710519', 'Anastasia.Djibril@edu.universite.fr', 1, 'e', 120211, 'physique, maths, francais', '', '', 'oui', 'rien', '', '', 0),
(11111631, 'Angelo11111631', 'y&PgIP$efk3C', 'Dylan', '', 'Angelo', 'p520', '717120520', 'Angelo.Dylan@edu.universite.fr', 1, 'p', 0, 'francais, physique, langue', '', '', 'non', 'rien', '', '', 0),
(11111632, 'Anselme11111632', 'oZmNOEXx?Rk~', 'Eden', '', 'Anselme', 'p521', '675090521', 'Anselme.Eden@edu.universite.fr', 1, 'e', 120211, 'anglais, maths, langue', '', '', 'oui', 'rien', '', '', 0),
(11111633, 'Arthur11111633', 'vp12F86uQL?M', 'Eduardo', '', 'Arthur', 'p522', '687430522', 'Arthur.Eduardo@edu.universite.fr', 1, 'e', 120211, 'maths, francais, langue', '', '', 'non', 'rien', '', '', 0),
(11111634, 'Artur11111634', 'XgD2j%0O4szY', 'Eléna', '', 'Artur', 'p523', '676810523', 'Artur.Eléna@edu.universite.fr', 1, 'e', 120212, 'physique, anglais, maths', '', '', 'non', 'rien', '', '', 0),
(11111635, 'Astrid11111635', '!g&MyGpPw&Z+', 'Elise', '', 'Astrid', 'p524', '779450524', 'Astrid.Elise@edu.universite.fr', 1, 'e', 120211, 'langue, informatique, anglais', '', '', 'oui', 'rien', '', '', 0),
(11111636, 'Ayline11111636', 'oMg-*WUKzrXM', 'Elyas', '', 'Ayline', 'p525', '749850525', 'Ayline.Elyas@edu.universite.fr', 1, 'p', 0, 'francais, maths, langue', '', '', 'non', 'rien', '', '', 0),
(11111637, 'Brayan11111637', '&ojoqSBZbsqZ', 'Emilia', '', 'Brayan', 'p526', '640290526', 'Brayan.Emilia@edu.universite.fr', 1, 'e', 120211, 'langue, francais, anglais', '', '', 'non', 'rien', '', '', 0),
(11111638, 'Charline11111638', '0KXB*-SY+uu2', 'Erwan', '', 'Charline', 'p527', '675930527', 'Charline.Erwan@edu.universite.fr', 1, 'p', 0, 'francais, physique, informatique', '', '', 'non', 'rien', '', '', 0),
(11111639, 'Christelle11111639', 'M?cirJhkCY~K', 'Faustine', '', 'Christelle', 'p528', '606870528', 'Christelle.Faustine@edu.universite.fr', 1, 'p', 0, 'physique, maths, langue', '', '', 'non', 'rien', '', '', 0),
(11111640, 'Christine11111640', 'Jj9JHu/yvyKt', 'Fodé', '', 'Christine', 'p529', '750390529', 'Christine.Fodé@edu.universite.fr', 1, 'p', 0, 'physique, langue, maths', '', '', 'non', 'rien', '', '', 0),
(11111641, 'Daphnée11111641', '5$oA+:E!.BGB', 'Gabin', '', 'Daphnée', 'p530', '766700530', 'Daphnée.Gabin@edu.universite.fr', 1, 'e', 120211, 'physique, francais, maths', '', '', 'non', 'rien', '', '', 0),
(11111642, 'Dimitri11111642', 'GnX1JpxCQ+gB', 'Hatem', '', 'Dimitri', 'p531', '713320531', 'Dimitri.Hatem@edu.universite.fr', 1, 'e', 120211, 'anglais, informatique, francais', '', '', 'oui', 'rien', '', '', 0),
(11111643, 'Eleanor11111643', 'G3TTjCTkT7Qi', 'Hayden', '', 'Eleanor', 'p532', '677780532', 'Eleanor.Hayden@edu.universite.fr', 1, 'e', 120211, 'physique, anglais, francais', '', '', 'oui', 'rien', '', '', 0),
(11111644, 'Elora11111644', '50h&O5Tqng1l', 'Ilona', '', 'Elora', 'p533', '602540533', 'Elora.Ilona@edu.universite.fr', 1, 'e', 120212, 'maths, langue, physique', '', '', 'oui', 'rien', '', '', 0),
(11111645, 'Fanta11111645', 'MuO~n4GC--Xn', 'Ilyes', '', 'Fanta', 'p534', '727620534', 'Fanta.Ilyes@edu.universite.fr', 1, 'e', 120211, 'maths, anglais, langue', '', '', 'oui', 'rien', '', '', 0),
(11111646, 'Flavio11111646', '*76Q/yWH::-i', 'Imran', '', 'Flavio', 'p535', '718080535', 'Flavio.Imran@edu.universite.fr', 1, 'e', 120211, 'langue, physique, informatique', '', '', 'non', 'rien', '', '', 0),
(11111647, 'Flore11111647', 'r1/xhCit*ctc', 'Isadora', '', 'Flore', 'p536', '714020536', 'Flore.Isadora@edu.universite.fr', 1, 'e', 120211, 'maths, physique, langue', '', '', 'non', 'rien', '', '', 0),
(11111648, 'Gabin11111648', 'OiZSwmEqytq9', 'Khadija', '', 'Gabin', 'p537', '759670537', 'Gabin.Khadija@edu.universite.fr', 1, 'p', 0, 'maths, francais, anglais', '', '', 'non', 'rien', '', '', 0),
(11111649, 'Gabrielle11111649', 'q.1/EYkNXeb+', 'Laure', '', 'Gabrielle', 'p538', '679590538', 'Gabrielle.Laure@edu.universite.fr', 1, 'p', 0, 'informatique, anglais, physique', '', '', 'non', 'rien', '', '', 0),
(11111650, 'Giulia11111650', ':+xbocsNBDIE', 'Lili', '', 'Giulia', 'p539', '652940539', 'Giulia.Lili@edu.universite.fr', 1, 'e', 120211, 'francais, maths, physique', '', '', 'non', 'rien', '', '', 0),
(11111651, 'Guilhem11111651', 'jVLJjN%G?uEx', 'Lilou', '', 'Guilhem', 'p540', '769140540', 'Guilhem.Lilou@edu.universite.fr', 1, 'e', 120211, 'physique, francais, maths', '', '', 'non', 'rien', '', '', 0),
(11111652, 'Hanna11111652', 'hJV*!psj*Q7o', 'Lohan', '', 'Hanna', 'p541', '635720541', 'Hanna.Lohan@edu.universite.fr', 1, 'e', 120212, 'informatique, maths, langue', '', '', 'non', 'rien', '', '', 0),
(11111653, 'Héléna11111653', 'b+?zjM9~7aqG', 'Louisa', '', 'Héléna', 'p542', '715140542', 'Héléna.Louisa@edu.universite.fr', 1, 'e', 120211, 'langue, physique, informatique', '', '', 'non', 'rien', '', '', 0),
(11111654, 'Imène11111654', 'z~M*WWj2Rz*d', 'Louise', '', 'Imène', 'p543', '730340543', 'Imène.Louise@edu.universite.fr', 1, 'e', 120211, 'anglais, langue, maths', '', '', 'non', 'rien', '', '', 0),
(11111655, 'Issam11111655', 'rCYrbMAHUfJr', 'Louison', '', 'Issam', 'p544', '672800544', 'Issam.Louison@edu.universite.fr', 1, 'p', 0, 'maths, informatique, langue', '', '', 'non', 'rien', '', '', 0),
(11111656, 'Liza11111656', 'n6I1efHecWi0', 'Luke', '', 'Liza', 'p545', '737180545', 'Liza.Luke@edu.universite.fr', 1, 'e', 120212, 'maths, francais, physique', '', '', 'oui', 'rien', '', '', 0),
(11111657, 'Lou11111657', 'v*IQOv7d.zx8', 'Mael', '', 'Lou', 'p546', '718300546', 'Lou.Mael@edu.universite.fr', 1, 'e', 120211, 'anglais, informatique, maths', '', '', 'oui', 'rien', '', '', 0),
(11111658, 'Malika11111658', 'VbHB/WZ:IqnI', 'Maëlyne', '', 'Malika', 'p547', '780750547', 'Malika.Maëlyne@edu.universite.fr', 1, 'e', 120211, 'francais, informatique, langue', '', '', 'oui', 'rien', '', '', 0),
(11111659, 'Malone11111659', 'Qfc!$:IIcSIa', 'Marley', '', 'Malone', 'p548', '776980548', 'Malone.Marley@edu.universite.fr', 1, 'e', 120211, 'maths, anglais, informatique', '', '', 'oui', 'rien', '', '', 0),
(11111660, 'Manelle11111660', 's~0AC.%hQZHe', 'Matteo', '', 'Manelle', 'p549', '794480549', 'Manelle.Matteo@edu.universite.fr', 1, 'e', 120211, 'anglais, langue, francais', '', '', 'oui', 'rien', '', '', 0),
(11111661, 'Manon11111661', 'tG~Uz/uR/Rub', 'Mohamed', '', 'Manon', 'p550', '734040550', 'Manon.Mohamed@edu.universite.fr', 1, 'e', 120211, 'francais, anglais, informatique', '', '', 'non', 'rien', '', '', 0),
(11111662, 'Moustapha11111662', 'yveW22pg1p*k', 'Morgan', '', 'Moustapha', 'p551', '756190551', 'Moustapha.Morgan@edu.universite.fr', 1, 'e', 120211, 'langue, physique, informatique', '', '', 'non', 'rien', '', '', 0),
(11111663, 'Myriam11111663', 'jc+C0RAg?e5-', 'Nolhan', '', 'Myriam', 'p552', '788880552', 'Myriam.Nolhan@edu.universite.fr', 1, 'e', 120212, 'anglais, physique, francais', '', '', 'non', 'rien', '', '', 0),
(11111664, 'Naomi11111664', 'umojWkjIJDzw', 'Octave', '', 'Naomi', 'p553', '686000553', 'Naomi.Octave@edu.universite.fr', 1, 'p', 0, 'maths, langue, francais', '', '', 'non', 'rien', '', '', 0),
(11111665, 'Nazim11111665', 'RlLkSsDt5x3*', 'Olivia', '', 'Nazim', 'p554', '707010554', 'Nazim.Olivia@edu.universite.fr', 1, 'e', 120211, 'maths, physique, langue', '', '', 'oui', 'rien', '', '', 0),
(11111666, 'Nikola11111666', 'qdQ!Qs4*B/n9', 'Olympia', '', 'Nikola', 'p555', '761570555', 'Nikola.Olympia@edu.universite.fr', 1, 'e', 120212, 'anglais, maths, langue', '', '', 'non', 'rien', '', '', 0),
(11111667, 'Nils11111667', '2tsJxsgXPo6y', 'Ombeline', '', 'Nils', 'p556', '674710556', 'Nils.Ombeline@edu.universite.fr', 1, 'e', 120211, 'informatique, francais, physique', '', '', 'oui', 'rien', '', '', 0),
(11111668, 'Pénélope11111668', 'ruXCMWhWWMpx', 'Riyad', '', 'Pénélope', 'p557', '608010557', 'Pénélope.Riyad@edu.universite.fr', 1, 'e', 120211, 'francais, langue, maths', '', '', 'non', 'rien', '', '', 0),
(11111669, 'Rania11111669', '$&4leL5G0sXR', 'Ryad', '', 'Rania', 'p558', '730930558', 'Rania.Ryad@edu.universite.fr', 1, 'e', 120211, 'informatique, anglais, francais', '', '', 'non', 'rien', '', '', 0),
(11111670, 'Ruben11111670', 'UZ1!F2BVDd/E', 'Ryan', '', 'Ruben', 'p559', '647840559', 'Ruben.Ryan@edu.universite.fr', 1, 'p', 0, 'langue, maths, informatique', '', '', 'non', 'rien', '', '', 0),
(11111671, 'Saïd11111671', 'rSYbMwr3gHFA', 'Salim', '', 'Saïd', 'p560', '608880560', 'Saïd.Salim@edu.universite.fr', 1, 'e', 120212, 'francais, anglais, maths', '', '', 'oui', 'rien', '', '', 0),
(11111672, 'Sasha11111672', 'QuVHHx:TYP2j', 'Sanaa', '', 'Sasha', 'p561', '700680561', 'Sasha.Sanaa@edu.universite.fr', 1, 'e', 120211, 'francais, physique, langue', '', '', 'non', 'rien', '', '', 0),
(11111673, 'Shirel11111673', '!l.0tkIlF?Q7', 'Stanley', '', 'Shirel', 'p562', '634610562', 'Shirel.Stanley@edu.universite.fr', 1, 'e', 120212, 'maths, francais, langue', '', '', 'oui', 'rien', '', '', 0),
(11111674, 'Stanley11111674', 'OL?eqB&DaGpJ', 'Stéphane', '', 'Stanley', 'p563', '757940563', 'Stanley.Stéphane@edu.universite.fr', 1, 'p', 0, 'francais, informatique, anglais', '', '', 'non', 'rien', '', '', 0),
(11111675, 'Sylvie11111675', 'OhC64+6qkoRq', 'Swann', '', 'Sylvie', 'p564', '776250564', 'Sylvie.Swann@edu.universite.fr', 1, 'e', 120212, 'maths, physique, informatique', '', '', 'oui', 'rien', '', '', 0),
(11111676, 'Tatiana11111676', 'wHkz%gg+8r-H', 'Tatiana', '', 'Tatiana', 'p565', '791140565', 'Tatiana.Tatiana@edu.universite.fr', 1, 'p', 0, 'langue, anglais, physique', '', '', 'non', 'rien', '', '', 0),
(11111677, 'Tess11111677', '2plKgrd-Hj2g', 'Timothée', '', 'Tess', 'p566', '611990566', 'Tess.Timothée@edu.universite.fr', 1, 'e', 120211, 'anglais, physique, francais', '', '', 'oui', 'rien', '', '', 0),
(11111678, 'Thibault11111678', 'L/z*e2QoN/Ph', 'Tracy', '', 'Thibault', 'p567', '788900567', 'Thibault.Tracy@edu.universite.fr', 1, 'e', 120212, 'maths, physique, anglais', '', '', 'non', 'rien', '', '', 0),
(11111679, 'Timothée11111679', 'S/OWw.XAdshc', 'Victoria', '', 'Timothée', 'p568', '632810568', 'Timothée.Victoria@edu.universite.fr', 1, 'p', 0, 'anglais, maths, langue', '', '', 'non', 'rien', '', '', 0),
(11111680, 'Valentino11111680', '/KbE!y5HYlME', 'Yasmine', '', 'Valentino', 'p569', '725110569', 'Valentino.Yasmine@edu.universite.fr', 1, 'e', 120212, 'physique, francais, informatique', '', '', 'non', 'rien', '', '', 0),
(11111681, 'Vanessa11111681', 'O/&EnE:H:RFz', 'Yassine', '', 'Vanessa', 'p570', '686140570', 'Vanessa.Yassine@edu.universite.fr', 1, 'e', 120212, 'maths, anglais, francais', '', '', 'non', 'rien', '', '', 0),
(11111682, 'Yaël11111682', 'XIxLc//of?V+', 'Yohan', '', 'Yaël', 'p571', '766940571', 'Yaël.Yohan@edu.universite.fr', 1, 'e', 120211, 'informatique, langue, francais', '', '', 'non', 'rien', '', '', 0),
(11111683, 'Yannick11111683', 'xrlEyLqH*UkB', 'Alan', '', 'Yannick', 'p572', '731450572', 'Yannick.Alan@edu.universite.fr', 1, 'e', 120212, 'anglais, maths, francais', '', '', 'non', 'rien', '', '', 0),
(11111684, 'Zineb11111684', 'g+2jaid3YMR*', 'Aly', '', 'Zineb', 'p573', '611060573', 'Zineb.Aly@edu.universite.fr', 1, 'e', 120211, 'physique, maths, francais', '', '', 'oui', 'rien', '', '', 0),
(11111685, 'Adrian11111685', 'FqKkzMZrUe6N', 'Anaé', '', 'Adrian', 'p574', '642700574', 'Adrian.Anaé@edu.universite.fr', 1, 'e', 120211, 'informatique, physique, anglais', '', '', 'non', 'rien', '', '', 0),
(11111686, 'Adrien11111686', 'cXj5?ytQ+U9&', 'Dahlia', '', 'Adrien', 'p575', '725760575', 'Adrien.Dahlia@edu.universite.fr', 1, 'e', 120211, 'francais, informatique, physique', '', '', 'non', 'rien', '', '', 0),
(11111687, 'Alma11111687', 'I$+lUN$&Gu5G', 'Aksil', '', 'Alma', 'p576', '719730576', 'Alma.Aksil@edu.universite.fr', 1, 'e', 120211, 'francais, maths, anglais', '', '', 'non', 'rien', '', '', 0),
(11111688, 'Alpha11111688', '?FkopEW-krJo', 'Alon', '', 'Alpha', 'p577', '666770577', 'Alpha.Alon@edu.universite.fr', 1, 'e', 120211, 'anglais, francais, maths', '', '', 'oui', 'rien', '', '', 0),
(11111689, 'Alya11111689', 'Udn?fZAZ$X-.', 'Mazen', '', 'Alya', 'p578', '786430578', 'Alya.Mazen@edu.universite.fr', 1, 'e', 120211, 'physique, francais, anglais', '', '', 'oui', 'rien', '', '', 0),
(11111690, 'Ambrine11111690', '/l0vF1gg9%rh', 'Tancrède', '', 'Ambrine', 'p579', '657140579', 'Ambrine.Tancrède@edu.universite.fr', 1, 'e', 120212, 'anglais, physique, informatique', '', '', 'non', 'rien', '', '', 0),
(11111691, 'Amina11111691', '5%hdsdx7Ba2l', 'Amicie', '', 'Amina', 'p580', '749520580', 'Amina.Amicie@edu.universite.fr', 1, 'e', 120212, 'informatique, maths, anglais', '', '', 'oui', 'rien', '', '', 0),
(11111692, 'Andréa11111692', 'oQXN3FmPY1E+', 'Elon', '', 'Andréa', 'p581', '735340581', 'Andréa.Elon@edu.universite.fr', 1, 'e', 120211, 'francais, langue, anglais', '', '', 'non', 'rien', '', '', 0),
(11111693, 'Anissa11111693', '58snYo$Fpky?', 'Maximilian', '', 'Anissa', 'p582', '709310582', 'Anissa.Maximilian@edu.universite.fr', 1, 'p', 0, 'maths, anglais, francais', '', '', 'non', 'rien', '', '', 0),
(11111694, 'Anton11111694', '5sBOSU?+dnx3', 'Saliou', '', 'Anton', 'p583', '767430583', 'Anton.Saliou@edu.universite.fr', 1, 'p', 0, 'langue, maths, physique', '', '', 'non', 'rien', '', '', 0),
(11111695, 'Arthur11111695', '9x6!gb4E&FGb', 'Thierno', '', 'Arthur', 'p584', '691500584', 'Arthur.Thierno@edu.universite.fr', 1, 'e', 120212, 'physique, informatique, maths', '', '', 'oui', 'rien', '', '', 0),
(11111696, 'Ashley11111696', '!ha2Lu0w2Sr4', 'Olympia', '', 'Ashley', 'p585', '790870585', 'Ashley.Olympia@edu.universite.fr', 1, 'e', 120211, 'maths, francais, anglais', '', '', 'non', 'rien', '', '', 0),
(11111697, 'Axel11111697', 'hPEp$N2fo2AQ', 'Soraya', '', 'Axel', 'p586', '714660586', 'Axel.Soraya@edu.universite.fr', 1, 'e', 120211, 'informatique, langue, physique', '', '', 'oui', 'rien', '', '', 0),
(11111698, 'Balthazar11111698', 'qzJlxv/rZ7~y', 'Adams', '', 'Balthazar', 'p587', '655370587', 'Balthazar.Adams@edu.universite.fr', 1, 'p', 0, 'langue, physique, maths', '', '', 'non', 'rien', '', '', 0),
(11111699, 'Blanche11111699', 'G/?ePuJN4:9u', 'Laurent', '', 'Blanche', 'p588', '713610588', 'Blanche.Laurent@edu.universite.fr', 1, 'p', 0, 'anglais, francais, langue', '', '', 'non', 'rien', '', '', 0),
(11111700, 'Brieuc11111700', 'psMu0g7pgbaL', 'Santiago', '', 'Brieuc', 'p589', '680130589', 'Brieuc.Santiago@edu.universite.fr', 1, 'e', 120212, 'anglais, informatique, maths', '', '', 'oui', 'rien', '', '', 0),
(11111701, 'Céline11111701', 'dNBWxlNY*N8G', 'Tidiane', '', 'Céline', 'p590', '662410590', 'Céline.Tidiane@edu.universite.fr', 1, 'e', 120212, 'informatique, physique, anglais', '', '', 'non', 'rien', '', '', 0),
(11111702, 'Dorian11111702', '7sT-WzO?:+iI', 'Yohann', '', 'Dorian', 'p591', '622290591', 'Dorian.Yohann@edu.universite.fr', 1, 'e', 120212, 'maths, physique, informatique', '', '', 'oui', 'rien', '', '', 0),
(11111703, 'Elias11111703', '-8jnSe+?Ytkx', 'Yossef', '', 'Elias', 'p592', '798330592', 'Elias.Yossef@edu.universite.fr', 1, 'p', 0, 'physique, anglais, informatique', '', '', 'non', 'rien', '', '', 0),
(11111704, 'Ernest11111704', 'nLp8w+g0KSXU', 'Fanny', '', 'Ernest', 'p593', '601650593', 'Ernest.Fanny@edu.universite.fr', 1, 'e', 120211, 'francais, physique, anglais', '', '', 'non', 'rien', '', '', 0),
(11111705, 'Éva11111705', 'j!D3M:Xf6ARL', 'Mellina', '', 'Éva', 'p594', '737220594', 'Éva.Mellina@edu.universite.fr', 1, 'e', 120212, 'langue, maths, physique', '', '', 'oui', 'rien', '', '', 0),
(11111706, 'Ewan11111706', '08&Z5UZ7yha1', 'Aurèle', '', 'Ewan', 'p595', '609100595', 'Ewan.Aurèle@edu.universite.fr', 1, 'p', 0, 'informatique, anglais, maths', '', '', 'non', 'rien', '', '', 0),
(11111707, 'Felix11111707', 'YV5kiFnH8!uG', 'Aymen', '', 'Felix', 'p596', '632060596', 'Felix.Aymen@edu.universite.fr', 1, 'p', 0, 'maths, langue, physique', '', '', 'non', 'rien', '', '', 0),
(11111708, 'Hana11111708', 'd2O8QNbcK&FT', 'Calixte', '', 'Hana', 'p597', '687640597', 'Hana.Calixte@edu.universite.fr', 1, 'e', 120211, 'physique, francais, langue', '', '', 'oui', 'rien', '', '', 0),
(11111709, 'Hédi11111709', 'v5G9l:J%uQL~', 'Caroline', '', 'Hédi', 'p598', '733470598', 'Hédi.Caroline@edu.universite.fr', 1, 'e', 120212, 'langue, physique, informatique', '', '', 'non', 'rien', '', '', 0),
(11111710, 'Henry11111710', 'OifVMs.**cs-', 'Cédric', '', 'Henry', 'p599', '648960599', 'Henry.Cédric@edu.universite.fr', 1, 'e', 120211, 'maths, physique, francais', '', '', 'oui', 'rien', '', '', 0);
COMMIT;

/*!40101 SET CHARACTER_SET_CLIENT=@OLD_CHARACTER_SET_CLIENT */;
/*!40101 SET CHARACTER_SET_RESULTS=@OLD_CHARACTER_SET_RESULTS */;
/*!40101 SET COLLATION_CONNECTION=@OLD_COLLATION_CONNECTION */;